codigo_siniestro,fecha,anio,dia_semana,hora,hora_num,provincia,distrito,zona,tipo_via,clase_siniestro,causa_principal,cantidad_fallecidos,cantidad_lesionados,latitud,longitud
A-2021-12-212,2021-12-19,2021,DOMINGO,05:30,5,LIMA,VILLA EL SALVADOR,URBANA,AVENIDA,ATROPELLO,EN PROCESO DE INVESTIGACIÓN,1,0,-12.21592,-76.935139
A-2021-12-213,2021-12-20,2021,LUNES,15:30,15,LIMA,SAN JUAN DE LURIGANCHO,URBANA,AVENIDA,CHOQUE,EN PROCESO DE INVESTIGACIÓN,1,1,-12.029521,-77.007004
A-2021-12-211,2021-12-20,2021,LUNES,06:35,6,LIMA,PACHACAMAC,URBANA,AVENIDA,ATROPELLO,EN PROCESO DE INVESTIGACIÓN,1,0,-12.083449,-76.878092
A-2021-12-34,2021-12-20,2021,LUNES,11:30,11,CALLAO,MI PERU,URBANA,AVENIDA,ATROPELLO,NEGLIGENCIA DEL CONDUCTOR,1,0,-11.857653,-77.128358
A-2021-12-223,2021-12-22,2021,MIERCOLES,06:30,6,LIMA,SAN MARTIN DE PORRES,URBANA,CARRETERA,DESPISTE,EN PROCESO DE INVESTIGACIÓN,1,0,-12.013349,-77.060384
A-2021-12-224,2021-12-23,2021,JUEVES,19:00,19,LIMA,LURIN,URBANA,AVENIDA,ATROPELLO,EN PROCESO DE INVESTIGACIÓN,1,0,-12.276894,-76.870023
A-2021-12-241,2021-12-24,2021,VIERNES,16:20,16,LIMA,CIENEGUILLA,URBANA,CARRETERA,CHOQUE,EN PROCESO DE INVESTIGACIÓN,1,0,-12.090918,-76.844108
A-2021-12-240,2021-12-24,2021,VIERNES,17:00,17,LIMA,LOS OLIVOS,URBANA,AVENIDA,ATROPELLO,EN PROCESO DE INVESTIGACIÓN,1,0,-12.006548,-77.082336
A-2021-12-293,2021-12-25,2021,SABADO,13:45,13,CALLAO,VENTANILLA,URBANA,AVENIDA,ATROPELLO,IMPRUDENCIA DEL PEATÓN,1,0,-11.888572,-77.130552
A-2021-12-242,2021-12-25,2021,SABADO,16:30,16,LIMA,CARABAYLLO,URBANA,AVENIDA,ATROPELLO,EN PROCESO DE INVESTIGACIÓN,1,0,-11.871631,-77.014417
A-2021-12-243,2021-12-26,2021,DOMINGO,04:00,4,LIMA,CHACLACAYO,URBANA,CARRETERA,DESPISTE,EN PROCESO DE INVESTIGACIÓN,1,0,-11.990416,-76.820875
A-2021-12-245,2021-12-26,2021,DOMINGO,16:00,16,LIMA,LA VICTORIA,URBANA,AVENIDA,VOLCADURA,EN PROCESO DE INVESTIGACIÓN,1,0,-12.067019,-76.997399
A-2021-12-244,2021-12-26,2021,DOMINGO,17:15,17,LIMA,CHORRILLOS,URBANA,AVENIDA,ATROPELLO,EN PROCESO DE INVESTIGACIÓN,2,1,-12.181323,-77.012318
A-2021-12-246,2021-12-27,2021,LUNES,04:00,4,LIMA,LURIGANCHO,URBANA,CARRETERA,CHOQUE,EN PROCESO DE INVESTIGACIÓN,1,0,-11.931703,-76.692086
A-2021-12-80,2021-12-27,2021,LUNES,07:30,7,CALLAO,CALLAO,URBANA,CARRETERA,CHOQUE,IMPRUDENCIA DEL CONDUCTOR,1,0,-11.985128,-77.125214
A-2021-12-218,2021-12-29,2021,MIERCOLES,13:55,13,LIMA,SAN JUAN DE LURIGANCHO,URBANA,AVENIDA,ATROPELLO,EN PROCESO DE INVESTIGACIÓN,1,1,-12.025253,-77.010592
A-2021-12-217,2021-12-30,2021,JUEVES,11:30,11,LIMA,LURIN,URBANA,CARRETERA,DESPISTE,EN PROCESO DE INVESTIGACIÓN,1,4,-12.301834,-76.845125
A-2021-12-219,2021-12-31,2021,VIERNES,09:10,9,LIMA,LURIGANCHO,URBANA,CARRETERA,ATROPELLO,EN PROCESO DE INVESTIGACIÓN,1,0,-11.933058,-76.693175
A-2021-12-161,2021-12-31,2021,VIERNES,09:30,9,CALLAO,CALLAO,URBANA,CARRETERA,CHOQUE,NEGLIGENCIA DEL CONDUCTOR,1,0,-12.024209,-77.128734
A-2021-12-247,2021-12-31,2021,VIERNES,10:54,10,LIMA,INDEPENDENCIA,URBANA,AVENIDA,DESPISTE,EN PROCESO DE INVESTIGACIÓN,1,0,-11.997731,-77.051705
A-2021-12-248,2021-12-31,2021,VIERNES,17:05,17,LIMA,VILLA MARIA DEL TRIUNFO,URBANA,AVENIDA,ATROPELLO,EN PROCESO DE INVESTIGACIÓN,1,0,-12.171185,-76.930697
A-2022-01-69,2022-01-01,2022,SABADO,06:04,6,LIMA,LA MOLINA,URBANA,AVENIDA,DESPISTE,EN PROCESO DE INVESTIGACIÓN,1,0,-12.063661,-76.952232
A-2022-01-70,2022-01-01,2022,SABADO,23:00,23,LIMA,PACHACAMAC,URBANA,CARRETERA,ATROPELLO,EN PROCESO DE INVESTIGACIÓN,1,0,-12.104026,-76.876418
A-2022-01-73,2022-01-03,2022,LUNES,19:00,19,LIMA,CHORRILLOS,URBANA,CARRETERA,CHOQUE,EN PROCESO DE INVESTIGACIÓN,1,0,-12.221115,-76.976148
A-2022-01-89,2022-01-03,2022,LUNES,22:00,22,LIMA,PUENTE PIEDRA,URBANA,CARRETERA,CHOQUE,EN PROCESO DE INVESTIGACIÓN,1,0,-11.890385,-77.068378
A-2022-01-90,2022-01-04,2022,MARTES,10:45,10,LIMA,SAN MARTIN DE PORRES,URBANA,CARRETERA,ATROPELLO,EN PROCESO DE INVESTIGACIÓN,1,0,-12.02323,-77.058815
A-2022-01-91,2022-01-04,2022,MARTES,20:30,20,LIMA,SAN MARTIN DE PORRES,URBANA,AVENIDA,DESPISTE,EN PROCESO DE INVESTIGACIÓN,1,0,-11.987278,-77.103042
A-2022-01-110,2022-01-05,2022,MIERCOLES,06:50,6,LIMA,SAN JUAN DE MIRAFLORES,URBANA,CARRETERA,CHOQUE,EN PROCESO DE INVESTIGACIÓN,1,0,-12.172018,-76.978732
A-2022-01-111,2022-01-09,2022,DOMINGO,19:10,19,LIMA,SAN BARTOLO,URBANA,CARRETERA,ATROPELLO,IMPRUDENCIA DEL PEATÓN,1,0,-12.385165,-76.770449
A-2022-01-120,2022-01-10,2022,LUNES,08:25,8,LIMA,SANTIAGO DE SURCO,URBANA,CARRETERA,DESPISTE,EN PROCESO DE INVESTIGACIÓN,1,0,-12.124372,-76.977199
A-2022-01-121,2022-01-12,2022,MIERCOLES,02:00,2,LIMA,EL AGUSTINO,URBANA,AUTOPISTA,CHOQUE CON OBJETO FIJO,IMPRUDENCIA DEL CONDUCTOR,1,0,-12.030628,-76.994509
A-2022-01-123,2022-01-13,2022,JUEVES,14:00,14,LIMA,LIMA,URBANA,AVENIDA,CHOQUE,EN PROCESO DE INVESTIGACIÓN,1,0,-12.0438,-77.024573
A-2022-01-125,2022-01-14,2022,VIERNES,20:50,20,LIMA,PUENTE PIEDRA,URBANA,CARRETERA,ATROPELLO,IMPRUDENCIA DEL CONDUCTOR,1,0,-11.913491,-77.073818
A-2022-01-124,2022-01-14,2022,VIERNES,15:30,15,LIMA,SAN JUAN DE LURIGANCHO,RURAL,CALLE,ATROPELLO,EN PROCESO DE INVESTIGACIÓN,1,0,-11.881755,-76.947732
A-2022-01-126,2022-01-17,2022,LUNES,07:45,7,LIMA,ATE,URBANA,AVENIDA,ATROPELLO,EN PROCESO DE INVESTIGACIÓN,1,0,-12.06192,-76.996147
A-2022-01-260,2022-01-18,2022,MARTES,17:00,17,LIMA,CIENEGUILLA,RURAL,CARRETERA,DESPISTE,EN PROCESO DE INVESTIGACIÓN,1,1,-12.130891,-76.810908
A-2022-01-261,2022-01-19,2022,MIERCOLES,16:50,16,LIMA,COMAS,URBANA,AVENIDA,CAÍDA DE PASAJERO,EN PROCESO DE INVESTIGACIÓN,1,0,-11.940693,-77.067244
A-2022-01-94,2022-01-21,2022,VIERNES,04:40,4,CALLAO,VENTANILLA,URBANA,AVENIDA,ATROPELLO,IMPRUDENCIA DEL PEATÓN,1,0,-11.828861,-77.159304
A-2022-01-262,2022-01-21,2022,VIERNES,20:00,20,LIMA,LURIN,URBANA,CARRETERA,CHOQUE,EN PROCESO DE INVESTIGACIÓN,1,0,-12.289421,-76.868668
A-2022-01-104,2022-01-22,2022,SABADO,06:00,6,CALLAO,CALLAO,URBANA,CARRETERA,ATROPELLO,IMPRUDENCIA DEL PEATÓN,1,0,-12.046638,-77.132099
A-2022-01-266,2022-01-22,2022,SABADO,22:50,22,LIMA,SANTIAGO DE SURCO,URBANA,CARRETERA,ATROPELLO,EN PROCESO DE INVESTIGACIÓN,1,0,-12.153347,-76.983953
A-2022-01-268,2022-01-24,2022,LUNES,04:00,4,LIMA,ATE,URBANA,CARRETERA,CHOQUE,EN PROCESO DE INVESTIGACIÓN,2,1,-12.0613,-76.972222
A-2022-01-267,2022-01-25,2022,MARTES,05:25,5,LIMA,SAN JUAN DE MIRAFLORES,URBANA,CARRETERA,ATROPELLO,EN PROCESO DE INVESTIGACIÓN,1,0,-12.180592,-76.976067
A-2022-01-269,2022-01-28,2022,VIERNES,23:40,23,LIMA,RIMAC,URBANA,CARRETERA,ATROPELLO FUGA,EN PROCESO DE INVESTIGACIÓN,1,0,-12.042153,-77.020614
A-2022-01-270,2022-01-30,2022,DOMINGO,01:20,1,LIMA,SANTIAGO DE SURCO,URBANA,CARRETERA,VOLCADURA,EN PROCESO DE INVESTIGACIÓN,1,0,-12.141153,-76.981288
A-2022-01-277,2022-01-30,2022,DOMINGO,06:00,6,LIMA,SAN MARTIN DE PORRES,URBANA,CARRETERA,CHOQUE,EN PROCESO DE INVESTIGACIÓN,1,0,-12.022886,-77.059221
A-2022-01-271,2022-01-30,2022,DOMINGO,08:10,8,LIMA,VILLA MARIA DEL TRIUNFO,URBANA,AVENIDA,CHOQUE,EN PROCESO DE INVESTIGACIÓN,1,0,-12.204977,-76.928748
A-2022-01-279,2022-01-31,2022,LUNES,12:00,12,LIMA,SANTA ANITA,URBANA,AVENIDA,DESPISTE,EN PROCESO DE INVESTIGACIÓN,1,1,-12.028669,-76.951075
A-2022-02-149,2022-02-02,2022,MIERCOLES,10:00,10,LIMA,SAN MARTIN DE PORRES,URBANA,CARRETERA,ATROPELLO,EN PROCESO DE INVESTIGACIÓN,1,0,-12.020893,-77.059355
A-2022-02-150,2022-02-02,2022,MIERCOLES,20:00,20,LIMA,ATE,URBANA,CARRETERA,ATROPELLO FUGA,EN PROCESO DE INVESTIGACIÓN,1,0,-12.012294,-76.878204
A-2022-02-151,2022-02-03,2022,JUEVES,06:10,6,LIMA,SAN JUAN DE LURIGANCHO,URBANA,AVENIDA,ATROPELLO,EN PROCESO DE INVESTIGACIÓN,1,0,-12.024065,-76.97799
A-2022-02-153,2022-02-03,2022,JUEVES,13:25,13,LIMA,VILLA EL SALVADOR,URBANA,AVENIDA,ATROPELLO,EN PROCESO DE INVESTIGACIÓN,1,1,-12.195677,-76.959079
A-2022-02-22,2022-02-05,2022,SABADO,17:10,17,CALLAO,BELLAVISTA,URBANA,AVENIDA,CHOQUE FUGA,IMPRUDENCIA DEL CONDUCTOR,1,0,-12.061248,-77.133978
A-2022-02-154,2022-02-05,2022,SABADO,07:00,7,LIMA,CHORRILLOS,URBANA,AVENIDA,CHOQUE,EN PROCESO DE INVESTIGACIÓN,1,0,-12.187632,-76.99171
A-2022-02-155,2022-02-06,2022,DOMINGO,05:15,5,LIMA,INDEPENDENCIA,URBANA,CARRETERA,CHOQUE,EN PROCESO DE INVESTIGACIÓN,1,0,-11.990122,-77.064095
A-2022-02-162,2022-02-06,2022,DOMINGO,18:00,18,LIMA,SAN JUAN DE MIRAFLORES,URBANA,AVENIDA,DESPISTE,EN PROCESO DE INVESTIGACIÓN,1,0,-12.15064,-76.980468
A-2022-02-166,2022-02-07,2022,LUNES,21:00,21,LIMA,LURIGANCHO,URBANA,AVENIDA,ESPECIAL,EN PROCESO DE INVESTIGACIÓN,1,0,-12.003851,-76.928158
A-2022-02-167,2022-02-08,2022,MARTES,17:00,17,LIMA,LOS OLIVOS,URBANA,AVENIDA,CAÍDA DE PASAJERO,EN PROCESO DE INVESTIGACIÓN,1,0,-11.963629,-77.077475
A-2022-02-168,2022-02-08,2022,MARTES,23:40,23,LIMA,SAN BORJA,URBANA,AVENIDA,ATROPELLO,EN PROCESO DE INVESTIGACIÓN,1,0,-12.105682,-77.001138
A-2022-02-216,2022-02-09,2022,MIERCOLES,20:00,20,LIMA,PACHACAMAC,URBANA,AVENIDA,ATROPELLO,EN PROCESO DE INVESTIGACIÓN,1,0,-12.101285,-76.874275
A-2022-02-218,2022-02-10,2022,JUEVES,06:30,6,LIMA,CARABAYLLO,URBANA,CALLE,ATROPELLO,EN PROCESO DE INVESTIGACIÓN,1,0,-11.86253,-77.03923
A-2022-02-221,2022-02-11,2022,VIERNES,18:30,18,LIMA,ATE,URBANA,AVENIDA,ATROPELLO,EN PROCESO DE INVESTIGACIÓN,1,0,-12.029235,-76.923477
A-2022-02-222,2022-02-11,2022,VIERNES,02:40,2,LIMA,CARABAYLLO,URBANA,AVENIDA,CHOQUE,EN PROCESO DE INVESTIGACIÓN,1,0,-11.874033,-77.027818
A-2022-02-223,2022-02-12,2022,SABADO,02:30,2,LIMA,RIMAC,URBANA,CARRETERA,ATROPELLO FUGA,EN PROCESO DE INVESTIGACIÓN,1,0,-12.040107,-77.016547
A-2022-02-228,2022-02-13,2022,DOMINGO,15:30,15,LIMA,LIMA,URBANA,AVENIDA,CHOQUE,EN PROCESO DE INVESTIGACIÓN,1,1,-12.075418,-77.034684
A-2022-02-229,2022-02-14,2022,LUNES,05:30,5,LIMA,MAGDALENA DEL MAR,URBANA,OTRO,DESPISTE,EN PROCESO DE INVESTIGACIÓN,1,0,-12.096321,-77.076241
A-2022-02-230,2022-02-14,2022,LUNES,15:20,15,LIMA,SAN MARTIN DE PORRES,URBANA,AVENIDA,CHOQUE,EN PROCESO DE INVESTIGACIÓN,1,0,-12.001624,-77.101342
A-2022-02-231,2022-02-15,2022,MARTES,04:30,4,LIMA,LURIGANCHO,URBANA,AVENIDA,ATROPELLO FUGA,EN PROCESO DE INVESTIGACIÓN,1,0,-12.019697,-76.919999
A-2022-02-234,2022-02-15,2022,MARTES,11:00,11,LIMA,COMAS,URBANA,AVENIDA,ATROPELLO,EN PROCESO DE INVESTIGACIÓN,1,0,-11.941692,-77.064414
A-2022-02-235,2022-02-16,2022,MIERCOLES,13:30,13,LIMA,RIMAC,URBANA,AVENIDA,ATROPELLO,EN PROCESO DE INVESTIGACIÓN,1,0,-12.024928,-77.035575
A-2022-02-81,2022-02-17,2022,JUEVES,21:00,21,CALLAO,CALLAO,URBANA,CARRETERA,ATROPELLO,IMPRUDENCIA DEL PEATÓN,1,0,-11.979787,-77.124876
A-2022-02-236,2022-02-18,2022,VIERNES,21:00,21,LIMA,MIRAFLORES,URBANA,OTRO,ATROPELLO,EN PROCESO DE INVESTIGACIÓN,1,0,-12.118356,-77.045397
A-2022-02-237,2022-02-19,2022,SABADO,19:45,19,LIMA,LA MOLINA,URBANA,CARRETERA,CHOQUE,EN PROCESO DE INVESTIGACIÓN,1,0,-12.082043,-76.92834
A-2022-02-239,2022-02-19,2022,SABADO,10:30,10,LIMA,LURIN,URBANA,CARRETERA,ATROPELLO FUGA,EN PROCESO DE INVESTIGACIÓN,1,0,-12.293074,-76.862978
A-2022-02-240,2022-02-20,2022,DOMINGO,02:30,2,LIMA,ANCON,URBANA,CARRETERA,ATROPELLO,EN PROCESO DE INVESTIGACIÓN,1,0,-11.808526,-77.132543
A-2022-02-242,2022-02-23,2022,MIERCOLES,09:50,9,LIMA,SAN MARTIN DE PORRES,URBANA,AVENIDA,CAÍDA DE PASAJERO,EN PROCESO DE INVESTIGACIÓN,1,0,-12.023764,-77.074466
A-2022-02-119,2022-02-24,2022,JUEVES,05:45,5,CALLAO,CALLAO,URBANA,AVENIDA,ATROPELLO,IMPRUDENCIA DEL CONDUCTOR,1,0,-12.053946,-77.119968
A-2022-02-241,2022-02-24,2022,JUEVES,08:15,8,LIMA,LIMA,URBANA,AVENIDA,ESPECIAL,EN PROCESO DE INVESTIGACIÓN,1,0,-12.059552,-77.078012
A-2022-02-246,2022-02-25,2022,VIERNES,12:30,12,LIMA,ATE,URBANA,CARRETERA,ATROPELLO,EN PROCESO DE INVESTIGACIÓN,1,0,-12.005992,-76.847815
A-2022-02-309,2022-02-25,2022,VIERNES,14:10,14,LIMA,SAN MARTIN DE PORRES,URBANA,AVENIDA,ATROPELLO,EN PROCESO DE INVESTIGACIÓN,1,0,-12.031263,-77.044221
A-2022-02-249,2022-02-25,2022,VIERNES,23:30,23,LIMA,SANTA ANITA,URBANA,AVENIDA,CHOQUE,EN PROCESO DE INVESTIGACIÓN,1,2,-12.035846,-76.948934
A-2022-02-248,2022-02-26,2022,SABADO,19:40,19,LIMA,ATE,URBANA,OTRO,ATROPELLO,EN PROCESO DE INVESTIGACIÓN,1,0,-12.041471,-76.924424
A-2022-02-250,2022-02-28,2022,LUNES,03:00,3,LIMA,RIMAC,URBANA,CARRETERA,ATROPELLO FUGA,EN PROCESO DE INVESTIGACIÓN,1,0,-12.043272,-77.025497
A-2022-02-251,2022-02-28,2022,LUNES,05:35,5,LIMA,CHACLACAYO,URBANA,CARRETERA,CHOQUE,EN PROCESO DE INVESTIGACIÓN,1,2,-11.967717,-76.745522
A-2022-03-189,2022-03-01,2022,MARTES,07:20,7,LIMA,PUENTE PIEDRA,RURAL,AVENIDA,VOLCADURA,EN PROCESO DE INVESTIGACIÓN,1,0,-11.845251,-77.077429
A-2022-03-161,2022-03-02,2022,MIERCOLES,12:20,12,CALLAO,CALLAO,URBANA,AVENIDA,CHOQUE,IMPRUDENCIA DEL CONDUCTOR,1,0,-12.055735,-77.12185
A-2022-03-181,2022-03-02,2022,MIERCOLES,14:30,14,LIMA,JESUS MARIA,URBANA,AVENIDA,CHOQUE,EN PROCESO DE INVESTIGACIÓN,1,0,-12.077487,-77.036734
A-2022-03-283,2022-03-03,2022,JUEVES,23:50,23,LIMA,CHORRILLOS,URBANA,AVENIDA,ATROPELLO FUGA,EN PROCESO DE INVESTIGACIÓN,1,0,-12.184293,-77.007464
A-2022-03-212,2022-03-04,2022,VIERNES,14:00,14,CALLAO,CARMEN DE LA LEGUA REYNOSO,URBANA,AVENIDA,ATROPELLO,EN PROCESO DE INVESTIGACIÓN,1,0,-12.046767,-77.08469
A-2022-03-8,2022-03-05,2022,SABADO,16:50,16,CALLAO,CALLAO,URBANA,CARRETERA,ATROPELLO,IMPRUDENCIA DEL PEATÓN,1,0,-12.041549,-77.126668
A-2022-03-213,2022-03-05,2022,SABADO,04:45,4,LIMA,VILLA EL SALVADOR,,CARRETERA,ATROPELLO FUGA,EN PROCESO DE INVESTIGACIÓN,1,0,-12.240213,-76.947585
A-2022-03-232,2022-03-07,2022,LUNES,18:25,18,LIMA,COMAS,URBANA,AVENIDA,ATROPELLO,EN PROCESO DE INVESTIGACIÓN,1,0,-11.900936,-77.039893
A-2022-03-214,2022-03-07,2022,LUNES,14:30,14,LIMA,COMAS,URBANA,AVENIDA,ATROPELLO,EN PROCESO DE INVESTIGACIÓN,1,0,-11.937831,-77.049489
A-2022-03-215,2022-03-08,2022,MARTES,06:00,6,LIMA,EL AGUSTINO,URBANA,CARRETERA,CHOQUE,EN PROCESO DE INVESTIGACIÓN,1,0,-12.02946,-76.999036
A-2022-03-289,2022-03-08,2022,MARTES,17:20,17,LIMA,PACHACAMAC,URBANA,AVENIDA,CHOQUE,IMPRUDENCIA DEL CONDUCTOR,1,0,-12.154419,-76.869334
A-2022-03-216,2022-03-09,2022,MIERCOLES,14:00,14,LIMA,RIMAC,URBANA,CARRETERA,CHOQUE,EN PROCESO DE INVESTIGACIÓN,1,0,-12.04027,-77.01653
A-2022-03-253,2022-03-10,2022,JUEVES,20:00,20,LIMA,SAN MARTIN DE PORRES,URBANA,AVENIDA,CHOQUE FUGA,EN PROCESO DE INVESTIGACIÓN,1,0,-11.949566,-77.085832
A-2022-03-255,2022-03-11,2022,VIERNES,02:00,2,LIMA,SAN JUAN DE LURIGANCHO,URBANA,AVENIDA,CHOQUE,EN PROCESO DE INVESTIGACIÓN,1,0,-11.970962,-76.992302
A-2022-03-257,2022-03-11,2022,VIERNES,19:50,19,LIMA,LIMA,URBANA,AVENIDA,ATROPELLO,EN PROCESO DE INVESTIGACIÓN,1,0,-12.057647,-77.067668
A-2022-03-259,2022-03-13,2022,DOMINGO,11:40,11,LIMA,SAN JUAN DE LURIGANCHO,URBANA,AVENIDA,ATROPELLO,EN PROCESO DE INVESTIGACIÓN,1,0,-11.992739,-77.010866
A-2022-03-260,2022-03-15,2022,MARTES,23:30,23,LIMA,SAN JUAN DE LURIGANCHO,URBANA,CARRETERA,ATROPELLO,EN PROCESO DE INVESTIGACIÓN,1,0,-11.92557,-76.963656
A-2022-03-261,2022-03-16,2022,MIERCOLES,01:00,1,LIMA,SAN ISIDRO,URBANA,OTRO,DESPISTE,EN PROCESO DE INVESTIGACIÓN,1,1,-12.108192,-77.058571
A-2022-03-263,2022-03-18,2022,VIERNES,21:00,21,LIMA,CARABAYLLO,URBANA,AVENIDA,CHOQUE,EN PROCESO DE INVESTIGACIÓN,1,0,-11.897196,-77.029915
A-2022-03-265,2022-03-20,2022,DOMINGO,02:45,2,LIMA,ATE,URBANA,CARRETERA,DESPISTE,EN PROCESO DE INVESTIGACIÓN,2,0,-12.0101,-76.8703
A-2022-03-266,2022-03-20,2022,DOMINGO,23:30,23,LIMA,COMAS,URBANA,AVENIDA,VOLCADURA,EN PROCESO DE INVESTIGACIÓN,1,0,-11.913083,-77.019259
A-2022-03-267,2022-03-21,2022,LUNES,04:00,4,LIMA,ATE,URBANA,CARRETERA,DESPISTE,EN PROCESO DE INVESTIGACIÓN,1,0,-12.061148,-76.972485
A-2022-03-270,2022-03-21,2022,LUNES,18:30,18,LIMA,VILLA MARIA DEL TRIUNFO,URBANA,AVENIDA,ATROPELLO,EN PROCESO DE INVESTIGACIÓN,1,0,-12.1744,-76.94747
A-2022-03-163,2022-03-24,2022,JUEVES,05:00,5,CALLAO,CALLAO,URBANA,CARRETERA,ESPECIAL,EN PROCESO DE INVESTIGACIÓN,1,0,-12.040702,-77.115875
A-2022-03-162,2022-03-24,2022,JUEVES,07:30,7,CALLAO,CALLAO,URBANA,CARRETERA,ATROPELLO FUGA,IMPRUDENCIA DEL PEATÓN,1,0,-11.975299,-77.125008
A-2022-03-273,2022-03-26,2022,SABADO,16:30,16,LIMA,ATE,URBANA,AVENIDA,ATROPELLO,EN PROCESO DE INVESTIGACIÓN,1,0,-12.025977,-76.920003
A-2022-03-271,2022-03-26,2022,SABADO,23:50,23,LIMA,LURIN,URBANA,CARRETERA,ATROPELLO FUGA,EN PROCESO DE INVESTIGACIÓN,1,0,-12.297931,-76.853886
A-2022-03-275,2022-03-27,2022,DOMINGO,17:30,17,LIMA,EL AGUSTINO,URBANA,CARRETERA,ATROPELLO,EN PROCESO DE INVESTIGACIÓN,1,0,-12.031884,-76.988024
A-2022-03-276,2022-03-28,2022,LUNES,07:00,7,LIMA,MIRAFLORES,URBANA,OTRO,DESPISTE,EN PROCESO DE INVESTIGACIÓN,1,1,-12.113504,-77.051017
A-2022-04-214,2022-04-01,2022,VIERNES,19:00,19,LIMA,COMAS,URBANA,AVENIDA,ATROPELLO FUGA,EN PROCESO DE INVESTIGACIÓN,1,0,-11.930408,-77.053074
A-2022-04-195,2022-04-02,2022,SABADO,00:00,0,LIMA,SAN JUAN DE LURIGANCHO,URBANA,AVENIDA,CHOQUE,EN PROCESO DE INVESTIGACIÓN,1,0,-11.980691,-77.012155
A-2022-04-191,2022-04-02,2022,SABADO,11:00,11,LIMA,INDEPENDENCIA,URBANA,AVENIDA,CHOQUE,EN PROCESO DE INVESTIGACIÓN,1,0,-11.987808,-77.057118
A-2022-04-190,2022-04-03,2022,DOMINGO,03:50,3,LIMA,LURIN,URBANA,CARRETERA,VOLCADURA,EN PROCESO DE INVESTIGACIÓN,1,0,-12.280727,-76.882445
A-2022-04-200,2022-04-03,2022,DOMINGO,12:05,12,LIMA,LURIN,URBANA,AUTOPISTA,DESPISTE,EN PROCESO DE INVESTIGACIÓN,1,0,-12.281988,-76.86395
A-2022-04-192,2022-04-04,2022,LUNES,10:30,10,LIMA,VILLA EL SALVADOR,URBANA,AVENIDA,CHOQUE,EN PROCESO DE INVESTIGACIÓN,1,1,-12.226589,-76.945976
A-2022-04-23,2022-04-07,2022,JUEVES,02:30,2,CALLAO,CALLAO,URBANA,CARRETERA,ATROPELLO FUGA,EN PROCESO DE INVESTIGACIÓN,1,0,-11.964148,-77.126887
A-2022-04-24,2022-04-08,2022,VIERNES,09:20,9,CALLAO,MI PERU,URBANA,AVENIDA,CHOQUE,IMPRUDENCIA DEL CONDUCTOR,2,1,-11.856807,-77.121588
A-2022-04-194,2022-04-08,2022,VIERNES,05:00,5,LIMA,SAN JUAN DE LURIGANCHO,URBANA,AVENIDA,ATROPELLO,EN PROCESO DE INVESTIGACIÓN,1,1,-11.989493,-77.007477
A-2022-04-198,2022-04-09,2022,SABADO,09:40,9,LIMA,ATE,URBANA,AVENIDA,ATROPELLO,EN PROCESO DE INVESTIGACIÓN,1,0,-11.997173,-76.834487