codigo_siniestro,fecha,anio,dia_semana,hora,hora_num,provincia,distrito,zona,tipo_via,clase_siniestro,causa_principal,cantidad_fallecidos,cantidad_lesionados,latitud,longitud
A-2022-04-199,2022-04-09,2022,SABADO,22:10,22,LIMA,ATE,URBANA,AVENIDA,CHOQUE,EN PROCESO DE INVESTIGACIÓN,1,8,-12.039388,-76.932605
A-2022-04-197,2022-04-09,2022,SABADO,23:30,23,LIMA,ANCON,URBANA,CARRETERA,ATROPELLO,EN PROCESO DE INVESTIGACIÓN,1,0,-11.814028,-77.128788
A-2022-04-235,2022-04-10,2022,DOMINGO,14:30,14,LIMA,ATE,URBANA,AVENIDA,ATROPELLO,EN PROCESO DE INVESTIGACIÓN,1,0,-12.029623,-76.927958
A-2022-04-201,2022-04-13,2022,MIERCOLES,16:00,16,LIMA,LA VICTORIA,URBANA,AVENIDA,ATROPELLO,EN PROCESO DE INVESTIGACIÓN,1,0,-12.075948,-77.02623
A-2022-04-202,2022-04-13,2022,MIERCOLES,23:30,23,LIMA,PUENTE PIEDRA,URBANA,CARRETERA,ATROPELLO,EN PROCESO DE INVESTIGACIÓN,1,0,-11.861387,-77.078387
A-2022-04-236,2022-04-14,2022,JUEVES,00:04,0,LIMA,COMAS,URBANA,AVENIDA,DESPISTE,EN PROCESO DE INVESTIGACIÓN,1,0,-11.936698,-77.048753
A-2022-04-237,2022-04-15,2022,VIERNES,04:45,4,LIMA,LURIGANCHO,URBANA,CARRETERA,CHOQUE,EN PROCESO DE INVESTIGACIÓN,2,0,-12.018346,-76.911652
A-2022-04-245,2022-04-17,2022,DOMINGO,11:45,11,LIMA,SURQUILLO,URBANA,AVENIDA,ATROPELLO,EN PROCESO DE INVESTIGACIÓN,1,0,-12.111205,-77.02335
A-2022-04-238,2022-04-17,2022,DOMINGO,02:10,2,LIMA,LURIGANCHO,URBANA,CARRETERA,ATROPELLO FUGA,EN PROCESO DE INVESTIGACIÓN,1,0,-11.921435,-76.675836
A-2022-04-246,2022-04-18,2022,LUNES,01:20,1,LIMA,LOS OLIVOS,URBANA,CARRETERA,ATROPELLO,EN PROCESO DE INVESTIGACIÓN,1,0,-11.937526,-77.071828
A-2022-04-247,2022-04-19,2022,MARTES,10:30,10,LIMA,LA VICTORIA,URBANA,AVENIDA,CAÍDA DE PASAJERO,EN PROCESO DE INVESTIGACIÓN,1,0,-12.066846,-77.005215
A-2022-04-59,2022-04-19,2022,MARTES,22:00,22,CALLAO,CALLAO,URBANA,CARRETERA,ATROPELLO FUGA,EN PROCESO DE INVESTIGACIÓN,1,0,-11.942374,-77.131271
A-2022-04-60,2022-04-20,2022,MIERCOLES,04:55,4,CALLAO,CALLAO,URBANA,OTRO,DESPISTE,IMPRUDENCIA DEL CONDUCTOR,1,0,-12.054155,-77.145566
A-2022-04-248,2022-04-20,2022,MIERCOLES,20:30,20,LIMA,COMAS,URBANA,AVENIDA,DESPISTE,EN PROCESO DE INVESTIGACIÓN,1,1,-11.936711,-77.048712
A-2022-04-249,2022-04-20,2022,MIERCOLES,21:30,21,LIMA,LURIGANCHO,URBANA,CARRETERA,CHOQUE,EN PROCESO DE INVESTIGACIÓN,1,0,-11.985049,-76.93855
A-2022-04-268,2022-04-21,2022,JUEVES,03:13,3,LIMA,VILLA EL SALVADOR,RURAL,CARRETERA,CHOQUE,IMPRUDENCIA DEL CONDUCTOR,1,1,-12.23388,-76.960183
A-2022-04-61,2022-04-22,2022,VIERNES,14:40,14,CALLAO,CALLAO,URBANA,CARRETERA,CHOQUE,IMPRUDENCIA DEL CONDUCTOR,1,0,-11.978254,-77.125139
A-2022-04-252,2022-04-22,2022,VIERNES,11:45,11,LIMA,RIMAC,URBANA,CARRETERA,CHOQUE,EN PROCESO DE INVESTIGACIÓN,1,0,-12.037505,-77.013085
A-2022-04-251,2022-04-22,2022,VIERNES,04:00,4,LIMA,EL AGUSTINO,URBANA,CARRETERA,VOLCADURA,EN PROCESO DE INVESTIGACIÓN,1,0,-12.030099,-76.994874
A-2022-04-250,2022-04-22,2022,VIERNES,00:03,0,LIMA,RIMAC,URBANA,AVENIDA,DESPISTE,EN PROCESO DE INVESTIGACIÓN,1,0,-12.027727,-77.040628
A-2022-04-254,2022-04-24,2022,DOMINGO,05:20,5,LIMA,COMAS,URBANA,AVENIDA,CHOQUE,EN PROCESO DE INVESTIGACIÓN,1,0,-11.930176,-77.043051
A-2022-04-255,2022-04-24,2022,DOMINGO,06:30,6,LIMA,ATE,URBANA,CARRETERA,ATROPELLO FUGA,EN PROCESO DE INVESTIGACIÓN,1,0,-12.010227,-76.869461
A-2022-04-256,2022-04-24,2022,DOMINGO,12:00,12,LIMA,PUENTE PIEDRA,URBANA,AVENIDA,ATROPELLO FUGA,EN PROCESO DE INVESTIGACIÓN,1,0,-11.864653,-77.073862
A-2022-04-257,2022-04-24,2022,DOMINGO,15:30,15,LIMA,COMAS,URBANA,CARRETERA,CHOQUE,EN PROCESO DE INVESTIGACIÓN,1,0,-11.924818,-77.072837
A-2022-04-259,2022-04-26,2022,MARTES,06:30,6,LIMA,LURIGANCHO,URBANA,CARRETERA,ATROPELLO FUGA,EN PROCESO DE INVESTIGACIÓN,1,0,-12.020773,-76.935817
A-2022-04-260,2022-04-26,2022,MARTES,10:20,10,LIMA,SURQUILLO,URBANA,AVENIDA,CHOQUE,EN PROCESO DE INVESTIGACIÓN,1,0,-12.115687,-77.009914
A-2022-04-203,2022-04-27,2022,MIERCOLES,20:00,20,LIMA,CARABAYLLO,URBANA,AVENIDA,ATROPELLO,EN PROCESO DE INVESTIGACIÓN,1,0,-11.872143,-77.01105
A-2022-04-261,2022-04-28,2022,JUEVES,16:30,16,LIMA,LINCE,URBANA,PASAJE,CHOQUE,EN PROCESO DE INVESTIGACIÓN,1,0,-12.083654,-77.043243
A-2022-04-262,2022-04-28,2022,JUEVES,17:50,17,LIMA,LURIGANCHO,URBANA,CARRETERA,CHOQUE,EN PROCESO DE INVESTIGACIÓN,1,0,-11.969253,-76.937386
A-2022-04-263,2022-04-29,2022,VIERNES,17:00,17,LIMA,EL AGUSTINO,URBANA,CARRETERA,DESPISTE,EN PROCESO DE INVESTIGACIÓN,1,0,-12.030002,-76.994403
A-2022-04-265,2022-04-29,2022,VIERNES,21:40,21,LIMA,LURIGANCHO,URBANA,CARRETERA,ATROPELLO,EN PROCESO DE INVESTIGACIÓN,1,0,-11.930346,-76.691038
A-2022-04-266,2022-04-30,2022,SABADO,18:45,18,LIMA,PUNTA NEGRA,URBANA,CARRETERA,ATROPELLO,EN PROCESO DE INVESTIGACIÓN,1,0,-12.36425,-76.792136
A-2022-05-203,2022-05-02,2022,LUNES,15:30,15,LIMA,LOS OLIVOS,URBANA,AVENIDA,ATROPELLO,EN PROCESO DE INVESTIGACIÓN,1,0,-12.012219,-77.078757
A-2022-05-204,2022-05-02,2022,LUNES,15:55,15,LIMA,SANTA ANITA,URBANA,AVENIDA,DESPISTE,EN PROCESO DE INVESTIGACIÓN,1,0,-12.040892,-76.961945
A-2022-05-220,2022-05-04,2022,MIERCOLES,20:48,20,CALLAO,CALLAO,URBANA,AVENIDA,ATROPELLO,NEGLIGENCIA DEL CONDUCTOR,1,0,-12.053317,-77.133996
A-2022-05-223,2022-05-04,2022,MIERCOLES,15:30,15,CALLAO,VENTANILLA,URBANA,CARRETERA,ATROPELLO,IMPRUDENCIA DEL CONDUCTOR,1,0,-11.903177,-77.130385
A-2022-05-206,2022-05-06,2022,VIERNES,13:00,13,LIMA,SAN JUAN DE LURIGANCHO,URBANA,AVENIDA,ATROPELLO,EN PROCESO DE INVESTIGACIÓN,1,0,-11.932928,-76.968953
A-2022-05-207,2022-05-06,2022,VIERNES,20:16,20,LIMA,SAN MARTIN DE PORRES,URBANA,AVENIDA,ATROPELLO,EN PROCESO DE INVESTIGACIÓN,1,0,-12.031764,-77.068351
A-2022-05-208,2022-05-07,2022,SABADO,04:30,4,LIMA,SANTIAGO DE SURCO,URBANA,AVENIDA,ATROPELLO FUGA,EN PROCESO DE INVESTIGACIÓN,1,0,-12.083798,-76.980095
A-2022-05-210,2022-05-08,2022,DOMINGO,02:30,2,LIMA,LA VICTORIA,URBANA,AVENIDA,ATROPELLO,EN PROCESO DE INVESTIGACIÓN,1,0,-12.081611,-77.017685
A-2022-05-209,2022-05-08,2022,DOMINGO,12:45,12,LIMA,COMAS,URBANA,AVENIDA,ATROPELLO FUGA,EN PROCESO DE INVESTIGACIÓN,1,0,-11.964631,-77.055373
A-2022-05-211,2022-05-09,2022,LUNES,01:30,1,LIMA,SAN BARTOLO,URBANA,CARRETERA,CHOQUE FUGA,EN PROCESO DE INVESTIGACIÓN,1,1,-12.386021,-76.769327
A-2022-05-213,2022-05-12,2022,JUEVES,22:46,22,LIMA,SAN JUAN DE LURIGANCHO,URBANA,AVENIDA,ATROPELLO,EN PROCESO DE INVESTIGACIÓN,1,0,-11.984402,-77.015373
A-2022-05-215,2022-05-13,2022,VIERNES,05:30,5,LIMA,LURIGANCHO,URBANA,AVENIDA,ATROPELLO,EN PROCESO DE INVESTIGACIÓN,1,0,-12.019398,-76.918702
A-2022-05-67,2022-05-13,2022,VIERNES,13:20,13,CALLAO,CALLAO,URBANA,AVENIDA,ATROPELLO,IMPRUDENCIA DEL PEATÓN,1,0,-12.049602,-77.11084
A-2022-05-257,2022-05-14,2022,SABADO,12:30,12,LIMA,SANTIAGO DE SURCO,URBANA,AVENIDA,ATROPELLO,EN PROCESO DE INVESTIGACIÓN,1,0,-12.128314,-76.995101
A-2022-05-258,2022-05-15,2022,DOMINGO,20:20,20,LIMA,CHORRILLOS,URBANA,AVENIDA,CHOQUE,EN PROCESO DE INVESTIGACIÓN,1,1,-12.160096,-77.018885
A-2022-05-259,2022-05-16,2022,LUNES,10:20,10,LIMA,CARABAYLLO,URBANA,AVENIDA,CHOQUE,EN PROCESO DE INVESTIGACIÓN,1,0,-11.843676,-77.042521
A-2022-05-196,2022-05-17,2022,MARTES,02:40,2,LIMA,RIMAC,URBANA,ALAMEDA,ESPECIAL,EN PROCESO DE INVESTIGACIÓN,1,0,-12.033891,-77.025834
A-2022-05-260,2022-05-18,2022,MIERCOLES,05:40,5,LIMA,SAN JUAN DE LURIGANCHO,URBANA,AVENIDA,ATROPELLO FUGA,EN PROCESO DE INVESTIGACIÓN,1,0,-11.97259,-76.99189
A-2022-05-261,2022-05-22,2022,DOMINGO,10:00,10,LIMA,COMAS,URBANA,AVENIDA,DESPISTE,EN PROCESO DE INVESTIGACIÓN,1,0,-11.947209,-77.060735
A-2022-05-262,2022-05-23,2022,LUNES,19:30,19,LIMA,LOS OLIVOS,URBANA,AVENIDA,ATROPELLO,EN PROCESO DE INVESTIGACIÓN,1,0,-11.976982,-77.07243
A-2022-05-197,2022-05-23,2022,LUNES,23:00,23,LIMA,PACHACAMAC,URBANA,CARRETERA,ATROPELLO,EN PROCESO DE INVESTIGACIÓN,1,0,-12.101235,-76.878056
A-2022-05-263,2022-05-24,2022,MARTES,05:40,5,LIMA,ATE,URBANA,CARRETERA,CHOQUE FUGA,EN PROCESO DE INVESTIGACIÓN,1,0,-12.031148,-76.892109
A-2022-05-264,2022-05-26,2022,JUEVES,09:50,9,LIMA,SAN JUAN DE LURIGANCHO,URBANA,AVENIDA,CHOQUE,EN PROCESO DE INVESTIGACIÓN,1,0,-11.963306,-77.008072
A-2022-05-265,2022-05-27,2022,VIERNES,06:15,6,LIMA,SAN JUAN DE MIRAFLORES,URBANA,AVENIDA,CHOQUE FUGA,EN PROCESO DE INVESTIGACIÓN,1,1,-12.18605,-76.97927
A-2022-05-266,2022-05-28,2022,SABADO,16:40,16,LIMA,LURIN,URBANA,CARRETERA,CHOQUE,EN PROCESO DE INVESTIGACIÓN,1,0,-12.27257,-76.873766
A-2022-05-267,2022-05-30,2022,LUNES,05:30,5,LIMA,LURIN,URBANA,AVENIDA,CHOQUE FUGA,EN PROCESO DE INVESTIGACIÓN,1,0,-12.2535,-76.9012
A-2022-05-167,2022-05-30,2022,LUNES,06:00,6,CALLAO,CALLAO,URBANA,CARRETERA,ATROPELLO,IMPRUDENCIA DEL CONDUCTOR,1,0,-11.996399,-77.126222
A-2022-05-268,2022-05-31,2022,MARTES,13:00,13,LIMA,LOS OLIVOS,URBANA,AVENIDA,ATROPELLO,EN PROCESO DE INVESTIGACIÓN,1,0,-11.933205,-77.080474
A-2022-06-260,2022-06-01,2022,MIERCOLES,07:00,7,LIMA,VILLA MARIA DEL TRIUNFO,URBANA,AVENIDA,ATROPELLO,EN PROCESO DE INVESTIGACIÓN,1,0,-12.16071,-76.94065
A-2022-06-262,2022-06-01,2022,MIERCOLES,11:40,11,LIMA,VILLA MARIA DEL TRIUNFO,URBANA,AVENIDA,DESPISTE,EN PROCESO DE INVESTIGACIÓN,1,0,-12.16706,-76.949913
A-2022-06-261,2022-06-01,2022,MIERCOLES,13:30,13,LIMA,SAN MARTIN DE PORRES,URBANA,AVENIDA,ATROPELLO,EN PROCESO DE INVESTIGACIÓN,1,0,-12.023962,-77.080476
A-2022-06-263,2022-06-02,2022,JUEVES,18:10,18,LIMA,VILLA EL SALVADOR,URBANA,AVENIDA,ATROPELLO,EN PROCESO DE INVESTIGACIÓN,1,0,-12.195384,-76.959065
A-2022-06-217,2022-06-05,2022,DOMINGO,12:00,12,LIMA,ATE,URBANA,AVENIDA,CHOQUE,EN PROCESO DE INVESTIGACIÓN,1,1,-12.022756,-76.911904
A-2022-06-216,2022-06-05,2022,DOMINGO,03:00,3,LIMA,CHORRILLOS,URBANA,AVENIDA,CHOQUE,EN PROCESO DE INVESTIGACIÓN,1,1,-12.19591,-77.00062
A-2022-06-215,2022-06-05,2022,DOMINGO,08:00,8,LIMA,CARABAYLLO,URBANA,AVENIDA,DESPISTE,EN PROCESO DE INVESTIGACIÓN,1,1,-11.88093,-77.02161
A-2022-06-264,2022-06-06,2022,LUNES,09:15,9,LIMA,SANTIAGO DE SURCO,URBANA,AVENIDA,ATROPELLO,EN PROCESO DE INVESTIGACIÓN,1,0,-12.131478,-76.999405
A-2022-06-214,2022-06-06,2022,LUNES,09:45,9,LIMA,SAN JUAN DE LURIGANCHO,RURAL,CARRETERA,ATROPELLO,EN PROCESO DE INVESTIGACIÓN,1,0,-11.883624,-76.955034
A-2022-06-94,2022-06-07,2022,MARTES,17:30,17,CALLAO,CALLAO,URBANA,CARRETERA,ATROPELLO,IMPRUDENCIA DEL PEATÓN,1,0,-12.03166,-77.127419
A-2022-06-213,2022-06-07,2022,MARTES,19:45,19,LIMA,CIENEGUILLA,URBANA,CARRETERA,DESPISTE,EN PROCESO DE INVESTIGACIÓN,1,1,-12.100449,-76.792255
A-2022-06-212,2022-06-09,2022,JUEVES,15:30,15,LIMA,LA VICTORIA,URBANA,AVENIDA,CHOQUE,EN PROCESO DE INVESTIGACIÓN,1,1,-12.065613,-77.004418
A-2022-06-211,2022-06-16,2022,JUEVES,01:30,1,LIMA,LIMA,URBANA,AVENIDA,ATROPELLO,EN PROCESO DE INVESTIGACIÓN,1,0,-12.046334,-77.037608
A-2022-06-210,2022-06-16,2022,JUEVES,09:00,9,LIMA,VILLA EL SALVADOR,URBANA,AVENIDA,ATROPELLO,EN PROCESO DE INVESTIGACIÓN,1,0,-12.217266,-76.954835
A-2022-06-209,2022-06-17,2022,VIERNES,03:00,3,LIMA,LA VICTORIA,URBANA,JIRÓN,ATROPELLO,EN PROCESO DE INVESTIGACIÓN,1,0,-12.068373,-77.009708
A-2022-06-206,2022-06-18,2022,SABADO,06:15,6,LIMA,ANCON,URBANA,CARRETERA,CHOQUE,EN PROCESO DE INVESTIGACIÓN,1,1,-11.783714,-77.155845
A-2022-06-205,2022-06-18,2022,SABADO,09:00,9,LIMA,SAN MARTIN DE PORRES,URBANA,AVENIDA,ATROPELLO,EN PROCESO DE INVESTIGACIÓN,1,0,-12.02443,-77.051427
A-2022-06-207,2022-06-18,2022,SABADO,20:20,20,LIMA,SANTA ANITA,URBANA,AVENIDA,ATROPELLO,EN PROCESO DE INVESTIGACIÓN,1,0,-12.036156,-76.960575
A-2022-06-208,2022-06-18,2022,SABADO,23:00,23,LIMA,SAN JUAN DE LURIGANCHO,URBANA,AVENIDA,ATROPELLO,EN PROCESO DE INVESTIGACIÓN,1,0,-12.016035,-76.965532
A-2022-06-203,2022-06-19,2022,DOMINGO,06:00,6,LIMA,LA VICTORIA,URBANA,AVENIDA,ATROPELLO FUGA,EN PROCESO DE INVESTIGACIÓN,1,0,-12.064423,-77.027764
A-2022-06-202,2022-06-19,2022,DOMINGO,22:50,22,LIMA,PUENTE PIEDRA,URBANA,CARRETERA,ATROPELLO FUGA,EN PROCESO DE INVESTIGACIÓN,1,0,-11.84886,-77.09431
A-2022-06-204,2022-06-19,2022,DOMINGO,03:00,3,LIMA,LURIGANCHO,URBANA,CARRETERA,ATROPELLO FUGA,EN PROCESO DE INVESTIGACIÓN,1,0,-12.021297,-76.925341
A-2022-06-201,2022-06-21,2022,MARTES,15:50,15,LIMA,LOS OLIVOS,URBANA,AVENIDA,CHOQUE,EN PROCESO DE INVESTIGACIÓN,1,4,-11.962559,-77.080604
A-2022-06-200,2022-06-21,2022,MARTES,06:40,6,LIMA,LOS OLIVOS,URBANA,AVENIDA,DESPISTE,EN PROCESO DE INVESTIGACIÓN,1,0,-11.949958,-77.084042
A-2022-06-199,2022-06-21,2022,MARTES,00:30,0,LIMA,SAN JUAN DE MIRAFLORES,URBANA,CARRETERA,ATROPELLO FUGA,EN PROCESO DE INVESTIGACIÓN,1,0,-12.14478,-76.98172
A-2022-06-198,2022-06-25,2022,SABADO,12:00,12,LIMA,ATE,URBANA,AVENIDA,ATROPELLO,EN PROCESO DE INVESTIGACIÓN,1,0,-12.034892,-76.931682
A-2022-06-196,2022-06-26,2022,DOMINGO,18:45,18,LIMA,SAN JUAN DE MIRAFLORES,URBANA,CARRETERA,ATROPELLO,EN PROCESO DE INVESTIGACIÓN,1,0,-12.175226,-76.977746
A-2022-06-193,2022-06-27,2022,LUNES,01:00,1,LIMA,EL AGUSTINO,RURAL,CARRETERA,ATROPELLO FUGA,EN PROCESO DE INVESTIGACIÓN,1,0,-12.031869,-76.988486
A-2022-06-194,2022-06-27,2022,LUNES,02:00,2,LIMA,CHACLACAYO,URBANA,CARRETERA,DESPISTE,EN PROCESO DE INVESTIGACIÓN,1,0,-11.978428,-76.782079
A-2022-06-195,2022-06-27,2022,LUNES,03:40,3,LIMA,SAN BORJA,URBANA,AVENIDA,DESPISTE,EN PROCESO DE INVESTIGACIÓN,1,1,-12.111403,-76.995903
A-2022-06-191,2022-06-28,2022,MARTES,05:48,5,LIMA,LURIN,RURAL,CARRETERA,ATROPELLO FUGA,EN PROCESO DE INVESTIGACIÓN,1,0,-12.250331,-76.930513
A-2022-06-192,2022-06-28,2022,MARTES,13:45,13,LIMA,VILLA EL SALVADOR,RURAL,CARRETERA,DESPISTE,EN PROCESO DE INVESTIGACIÓN,2,2,-12.222231,-76.974442
A-2022-06-188,2022-06-30,2022,JUEVES,06:46,6,LIMA,ANCON,URBANA,CARRETERA,ATROPELLO FUGA,EN PROCESO DE INVESTIGACIÓN,1,0,-11.770736,-77.15902
A-2022-06-190,2022-06-30,2022,JUEVES,00:50,0,LIMA,MIRAFLORES,URBANA,OTRO,ATROPELLO FUGA,EN PROCESO DE INVESTIGACIÓN,1,0,-12.127245,-77.037109
A-2022-06-189,2022-06-30,2022,JUEVES,01:00,1,LIMA,LURIN,URBANA,CARRETERA,ATROPELLO FUGA,EN PROCESO DE INVESTIGACIÓN,1,0,-12.254755,-76.924147
A-2022-07-186,2022-07-02,2022,SABADO,01:30,1,LIMA,LURIN,URBANA,AVENIDA,ATROPELLO FUGA,EN PROCESO DE INVESTIGACIÓN,1,0,-12.2439,-76.909518
A-2022-07-187,2022-07-02,2022,SABADO,02:50,2,LIMA,PUEBLO LIBRE,URBANA,AVENIDA,ATROPELLO FUGA,EN PROCESO DE INVESTIGACIÓN,1,0,-12.078181,-77.080338
A-2022-07-3,2022-07-03,2022,DOMINGO,10:30,10,CALLAO,CALLAO,URBANA,AVENIDA,ATROPELLO,IMPRUDENCIA DEL CONDUCTOR,1,0,-12.062088,-77.142767
A-2022-07-185,2022-07-04,2022,LUNES,03:50,3,LIMA,BARRANCO,URBANA,OTRO,CHOQUE CON OBJETO FIJO,EN PROCESO DE INVESTIGACIÓN,1,0,-12.152215,-77.02446
A-2022-07-183,2022-07-05,2022,MARTES,11:00,11,LIMA,SAN MARTIN DE PORRES,URBANA,AVENIDA,ATROPELLO,EN PROCESO DE INVESTIGACIÓN,1,0,-11.991583,-77.107768
A-2022-07-184,2022-07-05,2022,MARTES,05:45,5,LIMA,CHORRILLOS,URBANA,AVENIDA,DESPISTE,EN PROCESO DE INVESTIGACIÓN,1,0,-12.189429,-77.007245
A-2022-07-180,2022-07-05,2022,MARTES,22:45,22,LIMA,RIMAC,URBANA,AVENIDA,ATROPELLO,IMPRUDENCIA DEL CONDUCTOR,1,0,-12.030284,-77.029465
A-2022-07-198,2022-07-07,2022,JUEVES,13:58,13,LIMA,MIRAFLORES,URBANA,AVENIDA,ATROPELLO,EN PROCESO DE INVESTIGACIÓN,1,0,-12.129913,-77.026447
A-2022-07-179,2022-07-08,2022,VIERNES,05:55,5,LIMA,MIRAFLORES,URBANA,AVENIDA,DESPISTE,EN PROCESO DE INVESTIGACIÓN,1,0,-12.123954,-77.004534
A-2022-07-178,2022-07-10,2022,DOMINGO,18:20,18,LIMA,SANTA ANITA,URBANA,AVENIDA,ATROPELLO,EN PROCESO DE INVESTIGACIÓN,1,0,-12.040451,-76.964255
A-2022-07-238,2022-07-12,2022,MARTES,12:30,12,CALLAO,CALLAO,URBANA,CALLE,ATROPELLO FUGA,EN PROCESO DE INVESTIGACIÓN,1,0,-12.021652,-77.1366
A-2022-07-177,2022-07-12,2022,MARTES,23:45,23,LIMA,SAN MARTIN DE PORRES,URBANA,AVENIDA,ATROPELLO FUGA,EN PROCESO DE INVESTIGACIÓN,1,0,-12.031978,-77.075017
A-2022-07-176,2022-07-13,2022,MIERCOLES,04:15,4,LIMA,SAN JUAN DE MIRAFLORES,URBANA,AVENIDA,CHOQUE,EN PROCESO DE INVESTIGACIÓN,1,0,-12.156406,-76.966686
A-2022-07-175,2022-07-13,2022,MIERCOLES,17:39,17,LIMA,CHORRILLOS,URBANA,AVENIDA,CHOQUE FUGA,EN PROCESO DE INVESTIGACIÓN,1,0,-12.189487,-77.014457
A-2022-07-172,2022-07-16,2022,SABADO,14:30,14,LIMA,INDEPENDENCIA,URBANA,CALLE,ATROPELLO,EN PROCESO DE INVESTIGACIÓN,1,0,-11.974441,-77.055803
A-2022-07-173,2022-07-17,2022,DOMINGO,00:00,0,LIMA,RIMAC,URBANA,CARRETERA,ATROPELLO,EN PROCESO DE INVESTIGACIÓN,1,0,-12.041446,-77.032747
A-2022-07-171,2022-07-18,2022,LUNES,04:30,4,LIMA,VILLA EL SALVADOR,URBANA,CARRETERA,ATROPELLO FUGA,EN PROCESO DE INVESTIGACIÓN,1,0,-12.195246,-76.972876
A-2022-07-170,2022-07-19,2022,MARTES,20:00,20,LIMA,SANTA ANITA,URBANA,AVENIDA,ATROPELLO FUGA,EN PROCESO DE INVESTIGACIÓN,1,0,-12.042063,-76.965757
A-2022-07-169,2022-07-20,2022,MIERCOLES,11:30,11,LIMA,SAN JUAN DE MIRAFLORES,URBANA,AVENIDA,ATROPELLO,EN PROCESO DE INVESTIGACIÓN,1,0,-12.167517,-76.978599
A-2022-07-168,2022-07-23,2022,SABADO,16:00,16,LIMA,CARABAYLLO,URBANA,AVENIDA,DESPISTE,EN PROCESO DE INVESTIGACIÓN,1,0,-11.856793,-77.043706
A-2022-07-165,2022-07-24,2022,DOMINGO,17:00,17,LIMA,SANTA ROSA,URBANA,AVENIDA,DESPISTE,EN PROCESO DE INVESTIGACIÓN,1,0,-11.820244,-77.164711
A-2022-07-164,2022-07-24,2022,DOMINGO,20:00,20,LIMA,VILLA EL SALVADOR,URBANA,AVENIDA,ATROPELLO,EN PROCESO DE INVESTIGACIÓN,1,0,-12.213319,-76.936672
A-2022-07-161,2022-07-26,2022,MARTES,14:05,14,LIMA,SAN MARTIN DE PORRES,URBANA,AVENIDA,CHOQUE,EN PROCESO DE INVESTIGACIÓN,1,0,-11.963909,-77.092627
A-2022-07-275,2022-07-27,2022,MIERCOLES,11:50,11,LIMA,LURIN,URBANA,CARRETERA,CHOQUE,IMPRUDENCIA DEL CONDUCTOR,1,0,-12.283256,-76.878624
A-2022-07-162,2022-07-27,2022,MIERCOLES,22:30,22,LIMA,SAN MIGUEL,URBANA,OTRO,ATROPELLO,EN PROCESO DE INVESTIGACIÓN,1,1,-12.089397,-77.089552
A-2022-07-163,2022-07-28,2022,JUEVES,16:20,16,LIMA,RIMAC,URBANA,CARRETERA,ATROPELLO FUGA,EN PROCESO DE INVESTIGACIÓN,1,0,-12.041213,-77.032895