codigo_siniestro,fecha,anio,dia_semana,hora,hora_num,provincia,distrito,zona,tipo_via,clase_siniestro,causa_principal,cantidad_fallecidos,cantidad_lesionados,latitud,longitud
A-2022-07-160,2022-07-29,2022,VIERNES,05:40,5,LIMA,CARABAYLLO,URBANA,CARRETERA,ATROPELLO FUGA,EN PROCESO DE INVESTIGACIÓN,1,0,-11.86221,-77.055719
A-2022-07-276,2022-07-31,2022,DOMINGO,22:50,22,LIMA,LURIN,URBANA,CARRETERA,CHOQUE,EN PROCESO DE INVESTIGACIÓN,2,6,-12.250281,-76.930691
A-2022-08-1,2022-08-02,2022,MARTES,06:35,6,CALLAO,CALLAO,URBANA,AVENIDA,CHOQUE,NEGLIGENCIA DEL CONDUCTOR,1,0,-12.049843,-77.114163
A-2022-08-170,2022-08-04,2022,JUEVES,15:00,15,LIMA,LA VICTORIA,URBANA,AVENIDA,ATROPELLO,EN PROCESO DE INVESTIGACIÓN,1,0,-12.064386,-77.029218
A-2022-08-2,2022-08-04,2022,JUEVES,23:00,23,CALLAO,VENTANILLA,URBANA,CARRETERA,CAÍDA DE PASAJERO,EN PROCESO DE INVESTIGACIÓN,1,1,-11.889928,-77.126052
A-2022-08-169,2022-08-05,2022,VIERNES,18:50,18,LIMA,SANTA ANITA,URBANA,AVENIDA,CHOQUE,EN PROCESO DE INVESTIGACIÓN,1,0,-12.040578,-76.982714
A-2022-08-168,2022-08-07,2022,DOMINGO,22:50,22,LIMA,CHACLACAYO,URBANA,CARRETERA,ATROPELLO,EN PROCESO DE INVESTIGACIÓN,1,0,-11.973726,-76.76031
A-2022-08-167,2022-08-08,2022,LUNES,08:30,8,LIMA,ANCON,RURAL,CARRETERA,DESPISTE,EN PROCESO DE INVESTIGACIÓN,1,0,-11.729108,-77.164855
A-2022-08-102,2022-08-09,2022,MARTES,06:15,6,CALLAO,CALLAO,URBANA,CARRETERA,ATROPELLO,EN PROCESO DE INVESTIGACIÓN,1,0,-11.995371,-77.125879
A-2022-08-165,2022-08-10,2022,MIERCOLES,06:45,6,LIMA,SAN JUAN DE LURIGANCHO,URBANA,AVENIDA,ATROPELLO,EN PROCESO DE INVESTIGACIÓN,1,0,-12.014406,-77.011683
A-2022-08-166,2022-08-10,2022,MIERCOLES,07:30,7,LIMA,PUNTA HERMOSA,RURAL,AVENIDA,CHOQUE,IMPRUDENCIA DEL CONDUCTOR,2,0,-12.330224,-76.815202
A-2022-08-163,2022-08-11,2022,JUEVES,00:05,0,LIMA,LOS OLIVOS,URBANA,AVENIDA,ATROPELLO FUGA,EN PROCESO DE INVESTIGACIÓN,1,0,-11.995092,-77.076623
A-2022-08-164,2022-08-11,2022,JUEVES,04:30,4,LIMA,CHORRILLOS,URBANA,AVENIDA,CHOQUE,EN PROCESO DE INVESTIGACIÓN,1,1,-12.166325,-77.026795
A-2022-08-162,2022-08-12,2022,VIERNES,19:20,19,LIMA,SAN JUAN DE LURIGANCHO,URBANA,JIRÓN,CHOQUE FUGA,EN PROCESO DE INVESTIGACIÓN,1,0,-12.022577,-77.001747
A-2022-08-160,2022-08-13,2022,SABADO,17:15,17,LIMA,SANTA ANITA,URBANA,CARRETERA,ATROPELLO,EN PROCESO DE INVESTIGACIÓN,1,0,-12.056117,-76.96797
A-2022-08-155,2022-08-13,2022,SABADO,18:00,18,LIMA,CARABAYLLO,URBANA,AVENIDA,CHOQUE,EN PROCESO DE INVESTIGACIÓN,1,3,-11.845476,-77.000803
A-2022-08-157,2022-08-14,2022,DOMINGO,10:30,10,LIMA,COMAS,URBANA,AVENIDA,VOLCADURA,EN PROCESO DE INVESTIGACIÓN,1,0,-11.905806,-77.042922
A-2022-08-159,2022-08-14,2022,DOMINGO,22:20,22,LIMA,VILLA MARIA DEL TRIUNFO,URBANA,AVENIDA,DESPISTE,EN PROCESO DE INVESTIGACIÓN,1,0,-12.169856,-76.949848
A-2022-08-161,2022-08-14,2022,DOMINGO,05:20,5,LIMA,CARABAYLLO,URBANA,AVENIDA,DESPISTE,EN PROCESO DE INVESTIGACIÓN,1,1,-11.893833,-77.040706
A-2022-08-158,2022-08-14,2022,DOMINGO,05:30,5,LIMA,VILLA EL SALVADOR,URBANA,CARRETERA,ATROPELLO,EN PROCESO DE INVESTIGACIÓN,1,0,-12.24079,-76.947068
A-2022-08-156,2022-08-15,2022,LUNES,00:20,0,LIMA,MAGDALENA DEL MAR,URBANA,OTRO,DESPISTE,EN PROCESO DE INVESTIGACIÓN,1,1,-12.103738,-77.064008
A-2022-08-154,2022-08-17,2022,MIERCOLES,06:40,6,LIMA,VILLA MARIA DEL TRIUNFO,URBANA,AVENIDA,CHOQUE,EN PROCESO DE INVESTIGACIÓN,2,0,-12.159876,-76.939373
A-2022-08-153,2022-08-19,2022,VIERNES,03:40,3,LIMA,LOS OLIVOS,URBANA,AVENIDA,CHOQUE,EN PROCESO DE INVESTIGACIÓN,1,0,-11.971735,-77.0756
A-2022-08-150,2022-08-19,2022,VIERNES,15:50,15,LIMA,ATE,URBANA,CALLE,CAÍDA DE PASAJERO,EN PROCESO DE INVESTIGACIÓN,1,0,-12.030553,-76.925873
A-2022-08-151,2022-08-20,2022,SABADO,18:20,18,LIMA,SAN JUAN DE LURIGANCHO,URBANA,AVENIDA,DESPISTE,EN PROCESO DE INVESTIGACIÓN,1,0,-11.962939,-76.981688
A-2022-08-152,2022-08-21,2022,DOMINGO,18:00,18,LIMA,LOS OLIVOS,URBANA,AVENIDA,ATROPELLO FUGA,EN PROCESO DE INVESTIGACIÓN,1,0,-11.966787,-77.078679
A-2022-08-212,2022-08-23,2022,MARTES,08:00,8,CALLAO,VENTANILLA,URBANA,AVENIDA,VOLCADURA,IMPRUDENCIA DEL CONDUCTOR,1,0,-11.919893,-77.132013
A-2022-08-149,2022-08-23,2022,MARTES,13:10,13,LIMA,EL AGUSTINO,URBANA,CARRETERA,CHOQUE,EN PROCESO DE INVESTIGACIÓN,1,0,-12.030101,-77.001589
A-2022-08-148,2022-08-25,2022,JUEVES,09:45,9,LIMA,ATE,URBANA,CARRETERA,ATROPELLO,EN PROCESO DE INVESTIGACIÓN,1,0,-12.012247,-76.87809
A-2022-08-274,2022-08-26,2022,VIERNES,04:25,4,LIMA,SAN MARTIN DE PORRES,URBANA,AVENIDA,CHOQUE,IMPRUDENCIA DEL CONDUCTOR,1,0,-12.029452,-77.064369
A-2022-08-147,2022-08-26,2022,VIERNES,18:40,18,LIMA,ANCON,URBANA,CARRETERA,ATROPELLO FUGA,EN PROCESO DE INVESTIGACIÓN,1,0,-11.773241,-77.159443
A-2022-08-146,2022-08-26,2022,VIERNES,21:20,21,LIMA,VILLA EL SALVADOR,URBANA,AVENIDA,ATROPELLO,EN PROCESO DE INVESTIGACIÓN,1,0,-12.218494,-76.921427
A-2022-08-145,2022-08-27,2022,SABADO,06:30,6,LIMA,COMAS,URBANA,AVENIDA,ATROPELLO FUGA,EN PROCESO DE INVESTIGACIÓN,1,0,-11.936865,-77.049057
A-2022-08-144,2022-08-27,2022,SABADO,07:45,7,LIMA,SANTIAGO DE SURCO,URBANA,CARRETERA,CHOQUE,EN PROCESO DE INVESTIGACIÓN,1,0,-12.111926,-76.977852
A-2022-08-143,2022-08-28,2022,DOMINGO,06:20,6,LIMA,LURIN,URBANA,CARRETERA,CHOQUE,EN PROCESO DE INVESTIGACIÓN,1,0,-12.273785,-76.872771
A-2022-08-141,2022-08-29,2022,LUNES,05:20,5,LIMA,PUENTE PIEDRA,URBANA,CARRETERA,ATROPELLO,EN PROCESO DE INVESTIGACIÓN,1,0,-11.829355,-77.118704
A-2022-08-142,2022-08-29,2022,LUNES,15:40,15,LIMA,SAN JUAN DE LURIGANCHO,URBANA,AVENIDA,ATROPELLO,EN PROCESO DE INVESTIGACIÓN,1,0,-12.026427,-76.988762
A-2022-08-139,2022-08-30,2022,MARTES,21:30,21,LIMA,LOS OLIVOS,URBANA,CARRETERA,ATROPELLO,EN PROCESO DE INVESTIGACIÓN,1,0,-11.977052,-77.081955
A-2022-08-140,2022-08-30,2022,MARTES,23:40,23,LIMA,PUENTE PIEDRA,URBANA,CARRETERA,ATROPELLO,EN PROCESO DE INVESTIGACIÓN,1,0,-11.872988,-77.069377
A-2022-09-158,2022-09-02,2022,VIERNES,01:45,1,LIMA,LIMA,URBANA,JIRÓN,DESPISTE,EN PROCESO DE INVESTIGACIÓN,1,0,-12.051549,-77.03661
A-2022-09-157,2022-09-03,2022,SABADO,16:30,16,LIMA,LA VICTORIA,URBANA,VIA EXPRESA,CHOQUE,INFRAESTRUCTURA Y ENTORNO VIAL,1,1,-12.058269,-77.023327
A-2022-09-155,2022-09-04,2022,DOMINGO,02:00,2,LIMA,LA VICTORIA,URBANA,AVENIDA,CHOQUE,EN PROCESO DE INVESTIGACIÓN,1,0,-12.05921,-77.029814
A-2022-09-156,2022-09-04,2022,DOMINGO,02:10,2,LIMA,PUNTA HERMOSA,RURAL,CARRETERA,ATROPELLO FUGA,EN PROCESO DE INVESTIGACIÓN,1,0,-12.294049,-76.775075
A-2022-09-154,2022-09-05,2022,LUNES,11:00,11,LIMA,COMAS,URBANA,AVENIDA,DESPISTE,EN PROCESO DE INVESTIGACIÓN,1,0,-11.926374,-77.04708
A-2022-09-153,2022-09-08,2022,JUEVES,05:00,5,LIMA,SANTIAGO DE SURCO,URBANA,CARRETERA,CHOQUE CON OBJETO FIJO,EN PROCESO DE INVESTIGACIÓN,1,0,-12.145133,-76.981888
A-2022-09-152,2022-09-08,2022,JUEVES,08:30,8,LIMA,VILLA EL SALVADOR,URBANA,AVENIDA,CAÍDA DE PASAJERO,EN PROCESO DE INVESTIGACIÓN,1,0,-12.220176,-76.930407
A-2022-09-151,2022-09-09,2022,VIERNES,04:20,4,LIMA,VILLA EL SALVADOR,URBANA,AVENIDA,ATROPELLO,EN PROCESO DE INVESTIGACIÓN,1,0,-12.233369,-76.941684
A-2022-09-274,2022-09-10,2022,SABADO,01:20,1,LIMA,CARABAYLLO,URBANA,AVENIDA,CHOQUE,EN PROCESO DE INVESTIGACIÓN,1,0,-11.885106,-77.023288
A-2022-09-150,2022-09-12,2022,LUNES,03:40,3,LIMA,LURIGANCHO,URBANA,CARRETERA,DESPISTE,EN PROCESO DE INVESTIGACIÓN,1,1,-11.955,-76.936241
A-2022-09-180,2022-09-13,2022,MARTES,15:10,15,LIMA,LIMA,URBANA,AVENIDA,ATROPELLO,IMPRUDENCIA DEL CONDUCTOR,1,0,-12.035446,-77.064044
A-2022-09-207,2022-09-13,2022,MARTES,21:40,21,LIMA,VILLA EL SALVADOR,URBANA,AVENIDA,DESPISTE,EN PROCESO DE INVESTIGACIÓN,1,1,-12.210524,-76.960999
A-2022-09-181,2022-09-17,2022,SABADO,03:20,3,CALLAO,CALLAO,URBANA,CARRETERA,CHOQUE,IMPRUDENCIA DEL CONDUCTOR,1,0,-11.959308,-77.128291
A-2022-09-206,2022-09-18,2022,DOMINGO,18:50,18,LIMA,ATE,URBANA,AVENIDA,ATROPELLO FUGA,EN PROCESO DE INVESTIGACIÓN,1,0,-12.060423,-76.966538
A-2022-09-182,2022-09-19,2022,LUNES,04:35,4,CALLAO,CALLAO,URBANA,AVENIDA,ATROPELLO FUGA,EN PROCESO DE INVESTIGACIÓN,1,0,-12.025746,-77.142149
A-2022-09-205,2022-09-19,2022,LUNES,06:50,6,LIMA,CARABAYLLO,URBANA,AVENIDA,CHOQUE,EN PROCESO DE INVESTIGACIÓN,1,0,-11.838112,-76.998807
A-2022-09-208,2022-09-20,2022,MARTES,11:30,11,LIMA,PACHACAMAC,URBANA,CARRETERA,ATROPELLO,EN PROCESO DE INVESTIGACIÓN,1,0,-12.142874,-76.87138
A-2022-09-204,2022-09-20,2022,MARTES,12:10,12,LIMA,INDEPENDENCIA,URBANA,AVENIDA,CHOQUE,EN PROCESO DE INVESTIGACIÓN,1,3,-11.967565,-77.039249
A-2022-09-202,2022-09-21,2022,MIERCOLES,22:30,22,LIMA,LINCE,URBANA,AVENIDA,CHOQUE,EN PROCESO DE INVESTIGACIÓN,1,0,-12.085904,-77.035387
A-2022-09-203,2022-09-21,2022,MIERCOLES,20:00,20,LIMA,ATE,URBANA,JIRÓN,ATROPELLO,EN PROCESO DE INVESTIGACIÓN,1,0,-12.059811,-76.995578
A-2022-09-200,2022-09-24,2022,SABADO,23:40,23,LIMA,SAN JUAN DE MIRAFLORES,URBANA,CARRETERA,ATROPELLO,EN PROCESO DE INVESTIGACIÓN,1,0,-12.16199,-76.981872
A-2022-09-198,2022-09-25,2022,DOMINGO,00:00,0,LIMA,LURIGANCHO,RURAL,CARRETERA,ATROPELLO,EN PROCESO DE INVESTIGACIÓN,1,0,-12.020542,-76.920342
A-2022-09-199,2022-09-25,2022,DOMINGO,20:30,20,LIMA,CARABAYLLO,URBANA,AVENIDA,ATROPELLO,EN PROCESO DE INVESTIGACIÓN,1,0,-11.89028,-77.026675
A-2022-09-197,2022-09-25,2022,DOMINGO,23:20,23,LIMA,SAN MARTIN DE PORRES,URBANA,CARRETERA,ATROPELLO FUGA,EN PROCESO DE INVESTIGACIÓN,1,0,-12.03096,-77.056493
A-2022-09-196,2022-09-26,2022,LUNES,02:45,2,LIMA,LOS OLIVOS,URBANA,AVENIDA,CHOQUE,EN PROCESO DE INVESTIGACIÓN,1,2,-11.991499,-77.076983
A-2022-09-195,2022-09-26,2022,LUNES,18:30,18,LIMA,LOS OLIVOS,URBANA,CARRETERA,ATROPELLO,EN PROCESO DE INVESTIGACIÓN,1,0,-11.937325,-77.071838
A-2022-10-146,2022-10-01,2022,SABADO,04:30,4,LIMA,CIENEGUILLA,RURAL,AVENIDA,CHOQUE,EN PROCESO DE INVESTIGACIÓN,1,1,-12.127823,-76.820591
A-2022-10-143,2022-10-03,2022,LUNES,16:00,16,LIMA,PUNTA HERMOSA,URBANA,CARRETERA,DESPISTE,EN PROCESO DE INVESTIGACIÓN,1,0,-12.331771,-76.821078
A-2022-10-144,2022-10-03,2022,LUNES,07:30,7,LIMA,CHORRILLOS,URBANA,AVENIDA,ATROPELLO,EN PROCESO DE INVESTIGACIÓN,1,0,-12.182793,-76.999849
A-2022-10-142,2022-10-04,2022,MARTES,17:30,17,LIMA,LA MOLINA,URBANA,CARRETERA,ATROPELLO,EN PROCESO DE INVESTIGACIÓN,1,0,-12.08593,-76.897988
A-2022-10-139,2022-10-09,2022,DOMINGO,03:00,3,LIMA,SAN JUAN DE MIRAFLORES,URBANA,CARRETERA,ATROPELLO,EN PROCESO DE INVESTIGACIÓN,1,0,-12.184129,-76.975032
A-2022-10-217,2022-10-09,2022,DOMINGO,20:19,20,LIMA,SAN JUAN DE LURIGANCHO,URBANA,CARRETERA,ATROPELLO FUGA,EN PROCESO DE INVESTIGACIÓN,1,0,-12.022452,-76.958858
A-2022-10-137,2022-10-10,2022,LUNES,08:00,8,LIMA,LURIGANCHO,RURAL,AVENIDA,ATROPELLO,EN PROCESO DE INVESTIGACIÓN,1,0,-11.996909,-76.917091
A-2022-10-136,2022-10-10,2022,LUNES,10:20,10,LIMA,MIRAFLORES,URBANA,AVENIDA,ATROPELLO,EN PROCESO DE INVESTIGACIÓN,1,0,-12.130524,-77.019541
A-2022-10-138,2022-10-10,2022,LUNES,13:40,13,LIMA,LOS OLIVOS,URBANA,AVENIDA,ATROPELLO,EN PROCESO DE INVESTIGACIÓN,1,0,-11.948609,-77.080604
A-2022-10-121,2022-10-12,2022,MIERCOLES,14:00,14,CALLAO,CALLAO,URBANA,CARRETERA,ATROPELLO,IMPRUDENCIA DEL PEATÓN,1,0,-12.056458,-77.14457
A-2022-10-135,2022-10-12,2022,MIERCOLES,15:20,15,LIMA,VILLA MARIA DEL TRIUNFO,URBANA,AVENIDA,CHOQUE,EN PROCESO DE INVESTIGACIÓN,1,2,-12.145118,-76.953102
A-2022-10-134,2022-10-15,2022,SABADO,22:30,22,LIMA,PUNTA HERMOSA,URBANA,AVENIDA,ATROPELLO,EN PROCESO DE INVESTIGACIÓN,1,0,-12.330117,-76.823101
A-2022-10-133,2022-10-18,2022,MARTES,19:45,19,LIMA,SAN MARTIN DE PORRES,URBANA,AVENIDA,DESPISTE,EN PROCESO DE INVESTIGACIÓN,1,0,-12.00789,-77.082345
A-2022-10-117,2022-10-18,2022,MARTES,02:30,2,CALLAO,VENTANILLA,URBANA,AVENIDA,CAÍDA DE PASAJERO,IMPRUDENCIA DEL CONDUCTOR,1,0,-11.91824,-77.139304
A-2022-10-132,2022-10-21,2022,VIERNES,03:50,3,LIMA,PUNTA HERMOSA,URBANA,CARRETERA,CHOQUE,EN PROCESO DE INVESTIGACIÓN,7,3,-12.332333,-76.82066
A-2022-10-123,2022-10-21,2022,VIERNES,16:50,16,CALLAO,CALLAO,URBANA,CARRETERA,ATROPELLO,IMPRUDENCIA DEL CONDUCTOR,1,0,-11.95713,-77.128831
A-2022-10-122,2022-10-22,2022,SABADO,21:00,21,CALLAO,CALLAO,URBANA,AVENIDA,ATROPELLO,IMPRUDENCIA DEL PEATÓN,1,0,-11.97613,-77.127639
A-2022-10-148,2022-10-24,2022,LUNES,08:50,8,LIMA,COMAS,URBANA,AVENIDA,CHOQUE,EN PROCESO DE INVESTIGACIÓN,1,0,-11.923538,-77.054275
A-2022-10-147,2022-10-27,2022,JUEVES,08:10,8,LIMA,CHORRILLOS,URBANA,AVENIDA,ATROPELLO,EN PROCESO DE INVESTIGACIÓN,1,0,-12.198134,-76.99227
A-2022-10-130,2022-10-30,2022,DOMINGO,07:40,7,LIMA,ANCON,RURAL,CARRETERA,CHOQUE,EN PROCESO DE INVESTIGACIÓN,1,0,-11.745722,-77.141868
A-2022-10-129,2022-10-30,2022,DOMINGO,16:30,16,LIMA,LOS OLIVOS,URBANA,JIRÓN,CHOQUE FUGA,EN PROCESO DE INVESTIGACIÓN,1,1,-12.009299,-77.073535
A-2022-10-128,2022-10-30,2022,DOMINGO,21:30,21,LIMA,VILLA MARIA DEL TRIUNFO,URBANA,AVENIDA,CHOQUE,EN PROCESO DE INVESTIGACIÓN,1,1,-12.194665,-76.934638
A-2022-10-126,2022-10-31,2022,LUNES,18:00,18,LIMA,LA MOLINA,RURAL,CARRETERA,VOLCADURA,EN PROCESO DE INVESTIGACIÓN,1,0,-12.069432,-76.972235
A-2022-11-155,2022-11-01,2022,MARTES,06:55,6,LIMA,PUCUSANA,URBANA,CARRETERA,DESPISTE,EN PROCESO DE INVESTIGACIÓN,1,3,-12.45926,-76.752921
A-2022-11-156,2022-11-01,2022,MARTES,07:35,7,LIMA,SAN MARTIN DE PORRES,URBANA,AVENIDA,ATROPELLO,EN PROCESO DE INVESTIGACIÓN,1,0,-11.983233,-77.098308
A-2022-11-134,2022-11-03,2022,JUEVES,00:30,0,LIMA,SAN MIGUEL,URBANA,OTRO,CHOQUE CON OBJETO FIJO,EN PROCESO DE INVESTIGACIÓN,1,1,-12.086806,-77.09402
A-2022-11-135,2022-11-05,2022,SABADO,22:30,22,LIMA,PUENTE PIEDRA,URBANA,CARRETERA,ATROPELLO,EN PROCESO DE INVESTIGACIÓN,1,0,-11.866282,-77.073532
A-2022-11-235,2022-11-06,2022,DOMINGO,01:30,1,LIMA,LURIN,URBANA,CARRETERA,ATROPELLO FUGA,EN PROCESO DE INVESTIGACIÓN,1,0,-12.257543,-76.919539
A-2022-11-239,2022-11-06,2022,DOMINGO,05:30,5,LIMA,LURIN,RURAL,CARRETERA,ATROPELLO FUGA,EN PROCESO DE INVESTIGACIÓN,1,0,-12.283316,-76.878337
A-2022-11-238,2022-11-06,2022,DOMINGO,19:30,19,LIMA,VILLA MARIA DEL TRIUNFO,URBANA,AVENIDA,ATROPELLO FUGA,IMPRUDENCIA DEL PEATÓN,1,0,-12.223152,-76.908117
A-2022-11-137,2022-11-07,2022,LUNES,22:00,22,LIMA,LA VICTORIA,URBANA,VIA EXPRESA,ATROPELLO FUGA,EN PROCESO DE INVESTIGACIÓN,1,0,-12.070424,-77.03123
A-2022-11-231,2022-11-07,2022,LUNES,21:50,21,LIMA,CARABAYLLO,URBANA,AVENIDA,ATROPELLO,EN PROCESO DE INVESTIGACIÓN,1,0,-11.874393,-77.014071
A-2022-11-157,2022-11-07,2022,LUNES,05:30,5,LIMA,PACHACAMAC,URBANA,JIRÓN,CHOQUE,EN PROCESO DE INVESTIGACIÓN,1,3,-12.230636,-76.86011
A-2022-11-136,2022-11-07,2022,LUNES,05:45,5,LIMA,SAN MARTIN DE PORRES,URBANA,CARRETERA,DESPISTE,EN PROCESO DE INVESTIGACIÓN,1,0,-12.033332,-77.053468
A-2022-11-133,2022-11-08,2022,MARTES,08:30,8,CALLAO,CALLAO,URBANA,CARRETERA,ATROPELLO,EN PROCESO DE INVESTIGACIÓN,1,0,-11.94212,-77.131296
A-2022-11-119,2022-11-08,2022,MARTES,16:00,16,CALLAO,CALLAO,URBANA,CARRETERA,CHOQUE,EN PROCESO DE INVESTIGACIÓN,1,0,-11.989341,-77.125953
A-2022-11-138,2022-11-08,2022,MARTES,16:00,16,LIMA,LURIGANCHO,URBANA,AVENIDA,CHOQUE,EN PROCESO DE INVESTIGACIÓN,1,0,-12.007566,-76.887404
A-2022-11-158,2022-11-10,2022,JUEVES,07:20,7,LIMA,SAN JUAN DE LURIGANCHO,URBANA,AVENIDA,ATROPELLO,EN PROCESO DE INVESTIGACIÓN,1,1,-11.968521,-76.993521
A-2022-11-140,2022-11-10,2022,JUEVES,19:30,19,LIMA,LIMA,URBANA,JIRÓN,ATROPELLO FUGA,EN PROCESO DE INVESTIGACIÓN,1,0,-12.061314,-77.015571
A-2022-11-160,2022-11-11,2022,VIERNES,17:20,17,LIMA,LURIN,URBANA,CARRETERA,DESPISTE,EN PROCESO DE INVESTIGACIÓN,1,3,-12.27587,-76.890078
A-2022-11-161,2022-11-11,2022,VIERNES,14:40,14,LIMA,VILLA EL SALVADOR,URBANA,AVENIDA,ATROPELLO,EN PROCESO DE INVESTIGACIÓN,1,0,-12.218686,-76.940139
A-2022-11-141,2022-11-12,2022,SABADO,20:10,20,LIMA,LURIGANCHO,URBANA,CARRETERA,CHOQUE,EN PROCESO DE INVESTIGACIÓN,1,1,-12.020841,-76.922638
A-2022-11-139,2022-11-12,2022,SABADO,05:30,5,LIMA,SAN MIGUEL,URBANA,AVENIDA,CHOQUE,EN PROCESO DE INVESTIGACIÓN,1,0,-12.077029,-77.093812
A-2022-11-233,2022-11-13,2022,DOMINGO,18:50,18,LIMA,SAN MARTIN DE PORRES,URBANA,AVENIDA,CHOQUE,IMPRUDENCIA DEL CONDUCTOR,1,0,-11.990969,-77.089495
A-2022-11-142,2022-11-13,2022,DOMINGO,23:15,23,LIMA,LOS OLIVOS,URBANA,AVENIDA,DESPISTE,EN PROCESO DE INVESTIGACIÓN,1,0,-11.963233,-77.078622
A-2022-11-162,2022-11-14,2022,LUNES,00:30,0,LIMA,LURIGANCHO,URBANA,CALLE,ATROPELLO FUGA,EN PROCESO DE INVESTIGACIÓN,1,0,-11.938774,-76.713919
A-2022-11-143,2022-11-15,2022,MARTES,12:30,12,LIMA,ANCON,URBANA,CARRETERA,ATROPELLO,EN PROCESO DE INVESTIGACIÓN,1,0,-11.813834,-77.128701
A-2022-11-144,2022-11-15,2022,MARTES,23:00,23,LIMA,SAN MARTIN DE PORRES,URBANA,CARRETERA,ATROPELLO,EN PROCESO DE INVESTIGACIÓN,1,0,-12.00976,-77.060729
A-2022-11-145,2022-11-16,2022,MIERCOLES,05:30,5,LIMA,LOS OLIVOS,URBANA,CARRETERA,CHOQUE,EN PROCESO DE INVESTIGACIÓN,1,1,-11.974377,-77.066469
A-2022-11-146,2022-11-16,2022,MIERCOLES,20:15,20,LIMA,BREÑA,URBANA,AVENIDA,ATROPELLO,EN PROCESO DE INVESTIGACIÓN,1,1,-12.067948,-77.048048
A-2022-11-147,2022-11-18,2022,VIERNES,18:00,18,LIMA,LOS OLIVOS,URBANA,AVENIDA,ATROPELLO,EN PROCESO DE INVESTIGACIÓN,1,0,-11.989732,-77.064592
A-2022-11-241,2022-11-19,2022,SABADO,17:00,17,LIMA,PUEBLO LIBRE,URBANA,AVENIDA,CHOQUE,EN PROCESO DE INVESTIGACIÓN,1,0,-12.080112,-77.057902
A-2022-11-148,2022-11-19,2022,SABADO,05:40,5,LIMA,ATE,URBANA,CARRETERA,CHOQUE,EN PROCESO DE INVESTIGACIÓN,1,0,-12.006904,-76.852918
A-2022-11-149,2022-11-21,2022,LUNES,04:00,4,LIMA,EL AGUSTINO,URBANA,AVENIDA,DESPISTE,EN PROCESO DE INVESTIGACIÓN,1,0,-12.035437,-76.999499
A-2022-11-236,2022-11-22,2022,MARTES,19:45,19,LIMA,VILLA EL SALVADOR,URBANA,AVENIDA,ATROPELLO,IMPRUDENCIA DEL CONDUCTOR,1,0,-12.213341,-76.936724
A-2022-11-150,2022-11-23,2022,MIERCOLES,18:50,18,LIMA,PUENTE PIEDRA,URBANA,CARRETERA,ATROPELLO,EN PROCESO DE INVESTIGACIÓN,1,0,-11.836296,-77.110072
A-2022-11-232,2022-11-24,2022,JUEVES,19:40,19,LIMA,RIMAC,URBANA,JIRÓN,ATROPELLO,IMPRUDENCIA DEL PASAJERO/OCUPANTE,1,0,-12.041885,-77.022573