codigo_siniestro,fecha,anio,dia_semana,hora,hora_num,provincia,distrito,zona,tipo_via,clase_siniestro,causa_principal,cantidad_fallecidos,cantidad_lesionados,latitud,longitud
A-2022-11-151,2022-11-25,2022,VIERNES,11:45,11,LIMA,COMAS,URBANA,AVENIDA,CAÍDA DE PASAJERO,EN PROCESO DE INVESTIGACIÓN,1,0,-11.905014,-77.041267
A-2022-11-163,2022-11-25,2022,VIERNES,15:50,15,LIMA,VILLA MARIA DEL TRIUNFO,URBANA,CALLE,ATROPELLO,EN PROCESO DE INVESTIGACIÓN,1,0,-12.150951,-76.950791
A-2022-11-234,2022-11-26,2022,SABADO,07:50,7,LIMA,LOS OLIVOS,URBANA,AVENIDA,DESPISTE,IMPRUDENCIA DEL CONDUCTOR,1,0,-11.961897,-77.063349
A-2022-11-122,2022-11-27,2022,DOMINGO,10:10,10,CALLAO,VENTANILLA,URBANA,CALLE,ATROPELLO,IMPRUDENCIA DEL CONDUCTOR,1,1,-11.861388,-77.15016
A-2022-11-152,2022-11-27,2022,DOMINGO,15:00,15,LIMA,SAN BORJA,URBANA,AVENIDA,DESPISTE,EN PROCESO DE INVESTIGACIÓN,1,0,-12.112009,-77.00675
A-2022-11-153,2022-11-27,2022,DOMINGO,05:52,5,LIMA,ANCON,URBANA,CALLE,DESPISTE,EN PROCESO DE INVESTIGACIÓN,1,0,-11.765667,-77.153833
A-2022-11-154,2022-11-28,2022,LUNES,05:30,5,LIMA,SAN MARTIN DE PORRES,URBANA,CARRETERA,DESPISTE,EN PROCESO DE INVESTIGACIÓN,1,0,-12.015476,-77.060042
A-2022-11-237,2022-11-30,2022,MIERCOLES,03:30,3,LIMA,SANTIAGO DE SURCO,URBANA,CARRETERA,DESPISTE,IMPRUDENCIA DEL CONDUCTOR,1,0,-12.09583,-76.980239
A-2022-12-147,2022-12-02,2022,VIERNES,08:30,8,LIMA,ATE,URBANA,CARRETERA,CHOQUE,EN PROCESO DE INVESTIGACIÓN,1,1,-12.015033,-76.900177
A-2022-12-135,2022-12-02,2022,VIERNES,22:55,22,LIMA,LURIGANCHO,URBANA,CARRETERA,DESPISTE,EN PROCESO DE INVESTIGACIÓN,1,0,-11.944786,-76.709733
A-2022-12-136,2022-12-03,2022,SABADO,07:00,7,LIMA,CARABAYLLO,URBANA,AVENIDA,ATROPELLO,EN PROCESO DE INVESTIGACIÓN,1,0,-11.87342,-77.01557
A-2022-12-137,2022-12-03,2022,SABADO,12:00,12,LIMA,LURIN,URBANA,AVENIDA,ATROPELLO,EN PROCESO DE INVESTIGACIÓN,1,0,-12.252987,-76.893553
A-2022-12-110,2022-12-04,2022,DOMINGO,19:45,19,CALLAO,CALLAO,URBANA,AVENIDA,ATROPELLO,IMPRUDENCIA DEL CONDUCTOR,1,0,-12.041411,-77.101386
A-2022-12-148,2022-12-04,2022,DOMINGO,02:10,2,LIMA,MIRAFLORES,URBANA,OTRO,DESPISTE,EN PROCESO DE INVESTIGACIÓN,1,1,-12.124827,-77.039508
A-2022-12-139,2022-12-05,2022,LUNES,23:30,23,LIMA,SAN MARTIN DE PORRES,URBANA,AVENIDA,DESPISTE,EN PROCESO DE INVESTIGACIÓN,1,0,-11.985932,-77.086157
A-2022-12-138,2022-12-05,2022,LUNES,18:00,18,LIMA,LURIGANCHO,URBANA,AVENIDA,DESPISTE,EN PROCESO DE INVESTIGACIÓN,1,0,-11.976312,-76.786783
A-2022-12-149,2022-12-05,2022,LUNES,20:30,20,LIMA,PACHACAMAC,URBANA,CARRETERA,ATROPELLO,EN PROCESO DE INVESTIGACIÓN,1,0,-12.149398,-76.87107
A-2022-12-140,2022-12-06,2022,MARTES,10:00,10,LIMA,MIRAFLORES,URBANA,OTRO,DESPISTE,EN PROCESO DE INVESTIGACIÓN,1,0,-12.124395,-77.040378
A-2022-12-150,2022-12-06,2022,MARTES,11:20,11,LIMA,SAN ISIDRO,URBANA,AVENIDA,ATROPELLO,EN PROCESO DE INVESTIGACIÓN,1,0,-12.091149,-77.008452
A-2022-12-141,2022-12-08,2022,JUEVES,04:50,4,LIMA,CHORRILLOS,URBANA,AVENIDA,DESPISTE,EN PROCESO DE INVESTIGACIÓN,1,0,-12.196185,-77.000546
A-2022-12-142,2022-12-10,2022,SABADO,10:30,10,LIMA,LIMA,URBANA,JIRÓN,DESPISTE,EN PROCESO DE INVESTIGACIÓN,1,1,-12.044576,-77.045708
A-2022-12-133,2022-12-10,2022,SABADO,14:00,14,CALLAO,CALLAO,URBANA,CARRETERA,CHOQUE CON OBJETO FIJO,IMPRUDENCIA DEL CONDUCTOR,1,0,-12.038615,-77.099686
A-2022-12-151,2022-12-10,2022,SABADO,23:30,23,LIMA,SAN JUAN DE MIRAFLORES,URBANA,CARRETERA,ATROPELLO FUGA,EN PROCESO DE INVESTIGACIÓN,1,0,-12.183603,-76.975228
A-2022-12-144,2022-12-11,2022,DOMINGO,12:50,12,LIMA,COMAS,URBANA,CARRETERA,ATROPELLO,EN PROCESO DE INVESTIGACIÓN,1,0,-11.924984,-77.072926
A-2022-12-143,2022-12-11,2022,DOMINGO,00:15,0,LIMA,LURIGANCHO,URBANA,CARRETERA,ATROPELLO,EN PROCESO DE INVESTIGACIÓN,1,0,-11.951577,-76.726837
A-2022-12-152,2022-12-12,2022,LUNES,18:15,18,LIMA,SAN MARTIN DE PORRES,URBANA,AVENIDA,ATROPELLO,EN PROCESO DE INVESTIGACIÓN,1,0,-12.029884,-77.061064
A-2022-12-153,2022-12-13,2022,MARTES,13:00,13,LIMA,SAN MARTIN DE PORRES,URBANA,AVENIDA,ATROPELLO,EN PROCESO DE INVESTIGACIÓN,1,0,-11.987931,-77.114425
A-2022-12-154,2022-12-13,2022,MARTES,21:10,21,LIMA,LOS OLIVOS,URBANA,AVENIDA,ATROPELLO FUGA,EN PROCESO DE INVESTIGACIÓN,1,0,-11.975885,-77.083015
A-2022-12-230,2022-12-15,2022,JUEVES,21:50,21,LIMA,COMAS,URBANA,AVENIDA,ATROPELLO,EN PROCESO DE INVESTIGACIÓN,1,0,-11.921793,-77.035425
A-2022-12-155,2022-12-18,2022,DOMINGO,03:00,3,LIMA,LURIN,URBANA,CARRETERA,ATROPELLO FUGA,EN PROCESO DE INVESTIGACIÓN,1,0,-12.250006,-76.931258
A-2022-12-231,2022-12-18,2022,DOMINGO,07:50,7,LIMA,LURIGANCHO,URBANA,AUTOPISTA,ESPECIAL,EN PROCESO DE INVESTIGACIÓN,1,0,-12.007383,-76.878684
A-2022-12-159,2022-12-19,2022,LUNES,23:45,23,LIMA,LURIGANCHO,URBANA,AVENIDA,ATROPELLO FUGA,EN PROCESO DE INVESTIGACIÓN,1,0,-12.005509,-76.864542
A-2022-12-158,2022-12-19,2022,LUNES,22:00,22,LIMA,SAN MARTIN DE PORRES,URBANA,AVENIDA,ATROPELLO,EN PROCESO DE INVESTIGACIÓN,1,0,-11.988612,-77.081013
A-2022-12-156,2022-12-19,2022,LUNES,02:00,2,LIMA,PUENTE PIEDRA,URBANA,CARRETERA,DESPISTE,EN PROCESO DE INVESTIGACIÓN,1,1,-11.862725,-77.077226
A-2022-12-157,2022-12-19,2022,LUNES,09:25,9,LIMA,PUENTE PIEDRA,URBANA,CARRETERA,VOLCADURA,EN PROCESO DE INVESTIGACIÓN,1,0,-11.900399,-77.067679
A-2022-12-162,2022-12-20,2022,MARTES,06:30,6,LIMA,RIMAC,URBANA,CARRETERA,VOLCADURA,EN PROCESO DE INVESTIGACIÓN,1,0,-12.04103,-77.033306
A-2022-12-160,2022-12-20,2022,MARTES,11:15,11,LIMA,CARABAYLLO,URBANA,AVENIDA,ATROPELLO FUGA,EN PROCESO DE INVESTIGACIÓN,1,0,-11.853196,-77.003213
A-2022-12-161,2022-12-20,2022,MARTES,14:15,14,LIMA,PUCUSANA,URBANA,CARRETERA,ATROPELLO,EN PROCESO DE INVESTIGACIÓN,1,0,-12.450924,-76.75534
A-2022-12-163,2022-12-21,2022,MIERCOLES,07:30,7,LIMA,JESUS MARIA,URBANA,AVENIDA,ATROPELLO,EN PROCESO DE INVESTIGACIÓN,1,0,-12.089429,-77.058546
A-2022-12-164,2022-12-21,2022,MIERCOLES,19:40,19,LIMA,PUENTE PIEDRA,URBANA,CARRETERA,ATROPELLO FUGA,EN PROCESO DE INVESTIGACIÓN,1,0,-11.835598,-77.111331
A-2022-12-165,2022-12-21,2022,MIERCOLES,22:30,22,LIMA,LURIN,URBANA,CARRETERA,CHOQUE,EN PROCESO DE INVESTIGACIÓN,1,0,-12.249877,-76.931362
A-2022-12-167,2022-12-22,2022,JUEVES,13:30,13,LIMA,ATE,URBANA,AVENIDA,DESPISTE,EN PROCESO DE INVESTIGACIÓN,2,5,-12.042237,-76.910831
A-2022-12-166,2022-12-23,2022,VIERNES,23:00,23,LIMA,COMAS,URBANA,AVENIDA,ATROPELLO,EN PROCESO DE INVESTIGACIÓN,1,0,-11.912144,-77.045946
A-2022-12-134,2022-12-23,2022,VIERNES,16:40,16,CALLAO,CALLAO,URBANA,AVENIDA,ATROPELLO FUGA,EN PROCESO DE INVESTIGACIÓN,1,0,-12.04257,-77.118364
A-2022-12-169,2022-12-25,2022,DOMINGO,02:45,2,LIMA,SANTIAGO DE SURCO,URBANA,CARRETERA,ATROPELLO FUGA,EN PROCESO DE INVESTIGACIÓN,1,0,-12.144819,-76.981907
A-2022-12-170,2022-12-25,2022,DOMINGO,07:30,7,LIMA,BARRANCO,URBANA,AUTOPISTA,DESPISTE,EN PROCESO DE INVESTIGACIÓN,1,0,-12.139129,-77.027453
A-2022-12-168,2022-12-25,2022,DOMINGO,16:30,16,LIMA,LIMA,URBANA,AVENIDA,CHOQUE,EN PROCESO DE INVESTIGACIÓN,1,0,-12.044995,-77.042837
A-2022-12-171,2022-12-26,2022,LUNES,14:30,14,LIMA,SAN JUAN DE LURIGANCHO,URBANA,AVENIDA,ATROPELLO,EN PROCESO DE INVESTIGACIÓN,1,0,-12.029394,-77.011667
A-2022-12-131,2022-12-26,2022,LUNES,15:56,15,CALLAO,CALLAO,URBANA,CARRETERA,CHOQUE,EN PROCESO DE INVESTIGACIÓN,1,0,-11.943943,-77.13155
A-2022-12-172,2022-12-29,2022,JUEVES,09:40,9,LIMA,SAN MARTIN DE PORRES,URBANA,CARRETERA,ATROPELLO FUGA,EN PROCESO DE INVESTIGACIÓN,1,0,-12.035421,-77.047591
A-2022-12-232,2022-12-30,2022,VIERNES,02:38,2,LIMA,ATE,URBANA,CARRETERA,CHOQUE,EN PROCESO DE INVESTIGACIÓN,1,0,-12.067143,-76.971589
A-2022-12-229,2022-12-31,2022,SABADO,23:15,23,LIMA,ANCON,URBANA,CARRETERA,ATROPELLO FUGA,EN PROCESO DE INVESTIGACIÓN,1,0,-11.783896,-77.155454
A-2022-12-215,2022-12-31,2022,SABADO,23:15,23,LIMA,ANCON,URBANA,CARRETERA,ATROPELLO FUGA,EN PROCESO DE INVESTIGACIÓN,1,0,-11.784903,-77.154591
A-2023-01-130,2023-01-01,2023,DOMINGO,04:30,4,LIMA,LURIGANCHO,URBANA,CARRETERA,CHOQUE,IMPRUDENCIA DEL CONDUCTOR,1,0,-12.021154,-76.928436
A-2023-01-131,2023-01-01,2023,DOMINGO,10:50,10,LIMA,CHORRILLOS,URBANA,AVENIDA,CHOQUE,IMPRUDENCIA DEL CONDUCTOR,1,1,-12.187443,-76.995348
A-2023-01-157,2023-01-02,2023,LUNES,00:50,0,LIMA,RIMAC,URBANA,CARRETERA,ATROPELLO FUGA,IMPRUDENCIA DEL CONDUCTOR,1,0,-12.040883,-77.033925
A-2023-01-132,2023-01-02,2023,LUNES,03:30,3,LIMA,SAN JUAN DE MIRAFLORES,URBANA,CARRETERA,ATROPELLO,IMPRUDENCIA DEL PEATÓN,1,0,-12.162271,-76.981829
A-2023-01-136,2023-01-02,2023,LUNES,04:10,4,LIMA,PUENTE PIEDRA,URBANA,CARRETERA,CHOQUE,IMPRUDENCIA DEL CONDUCTOR,1,0,-11.856181,-77.085165
A-2023-01-133,2023-01-03,2023,MARTES,11:00,11,LIMA,COMAS,URBANA,JIRÓN,ATROPELLO,IMPRUDENCIA DEL PEATÓN,1,0,-11.935601,-77.050457
A-2023-01-134,2023-01-04,2023,MIERCOLES,04:30,4,LIMA,SANTIAGO DE SURCO,URBANA,CARRETERA,CHOQUE,IMPRUDENCIA DEL CONDUCTOR,1,0,-12.131482,-76.978481
A-2023-01-347,2023-01-07,2023,SABADO,04:40,4,LIMA,CARABAYLLO,URBANA,AVENIDA,ATROPELLO,IMPRUDENCIA DEL CONDUCTOR,1,0,-11.895648,-77.029572
A-2023-01-135,2023-01-08,2023,DOMINGO,10:00,10,LIMA,CIENEGUILLA,URBANA,AVENIDA,ATROPELLO,EN PROCESO DE INVESTIGACIÓN,1,1,-12.087359,-76.863378
A-2023-01-137,2023-01-12,2023,JUEVES,04:45,4,LIMA,LIMA,URBANA,AVENIDA,CHOQUE,NEGLIGENCIA DEL CONDUCTOR,1,0,-12.079509,-77.034023
A-2023-01-348,2023-01-13,2023,VIERNES,06:00,6,LIMA,LOS OLIVOS,URBANA,AVENIDA,CHOQUE,IMPRUDENCIA DEL CONDUCTOR,1,0,-11.983252,-77.078394
A-2023-01-138,2023-01-14,2023,SABADO,01:15,1,LIMA,COMAS,URBANA,AVENIDA,DESPISTE,IMPRUDENCIA DEL CONDUCTOR,1,0,-11.911919,-77.038622
A-2023-01-346,2023-01-17,2023,MARTES,12:35,12,LIMA,VILLA EL SALVADOR,URBANA,AVENIDA,CHOQUE,IMPRUDENCIA DEL CONDUCTOR,1,1,-12.218473,-76.945553
A-2023-01-139,2023-01-17,2023,MARTES,17:10,17,LIMA,PUENTE PIEDRA,URBANA,CARRETERA,CAÍDA DE PASAJERO,IMPRUDENCIA DEL PEATÓN,1,0,-11.840191,-77.105128
A-2023-01-140,2023-01-17,2023,MARTES,23:00,23,LIMA,ANCON,URBANA,CALLE,CHOQUE,IMPRUDENCIA DEL CONDUCTOR,1,0,-11.782084,-77.161735
A-2023-01-143,2023-01-18,2023,MIERCOLES,23:30,23,LIMA,COMAS,URBANA,AVENIDA,ATROPELLO FUGA,EN PROCESO DE INVESTIGACIÓN,1,0,-11.928095,-77.052621
A-2022-01-345,2023-01-18,2023,MIERCOLES,12:30,12,LIMA,SAN JUAN DE MIRAFLORES,URBANA,CALLE,CHOQUE,IMPRUDENCIA DEL CONDUCTOR,1,0,-12.188759,-76.960674
A-2023-01-141,2023-01-18,2023,MIERCOLES,06:00,6,LIMA,SAN MARTIN DE PORRES,URBANA,AVENIDA,ATROPELLO FUGA,EN PROCESO DE INVESTIGACIÓN,1,0,-12.015535,-77.059596
A-2023-01-144,2023-01-19,2023,JUEVES,05:45,5,LIMA,SANTIAGO DE SURCO,URBANA,CARRETERA,ATROPELLO,IMPRUDENCIA DEL CONDUCTOR,2,0,-12.130801,-76.978133
A-2023-01-142,2023-01-19,2023,JUEVES,06:20,6,LIMA,VILLA EL SALVADOR,URBANA,AVENIDA,ATROPELLO,IMPRUDENCIA DEL CONDUCTOR,1,0,-12.221124,-76.938624
A-2023-01-147,2023-01-21,2023,SABADO,01:10,1,LIMA,LURIGANCHO,URBANA,CARRETERA,DESPISTE,IMPRUDENCIA DEL CONDUCTOR,1,0,-12.02089,-76.921351
A-2023-01-146,2023-01-21,2023,SABADO,02:30,2,LIMA,SANTIAGO DE SURCO,URBANA,CARRETERA,DESPISTE,NEGLIGENCIA DEL CONDUCTOR,1,4,-12.152397,-76.983898
A-2023-01-145,2023-01-21,2023,SABADO,06:20,6,LIMA,CHORRILLOS,URBANA,AVENIDA,CHOQUE,IMPRUDENCIA DEL CONDUCTOR,1,0,-12.197326,-76.999335
A-2023-01-148,2023-01-21,2023,SABADO,19:20,19,LIMA,SAN MARTIN DE PORRES,URBANA,CALLE,CAÍDA DE PASAJERO,IMPRUDENCIA DEL CONDUCTOR,1,0,-11.979261,-77.095542
A-2023-01-151,2023-01-22,2023,DOMINGO,22:30,22,LIMA,COMAS,URBANA,AVENIDA,ATROPELLO,IMPRUDENCIA DEL CONDUCTOR,1,0,-11.91054,-77.045296
A-2023-01-149,2023-01-22,2023,DOMINGO,06:00,6,LIMA,ANCON,URBANA,CARRETERA,ATROPELLO,IMPRUDENCIA DEL CONDUCTOR,1,0,-11.75082,-77.146562
A-2023-01-150,2023-01-23,2023,LUNES,01:10,1,LIMA,COMAS,URBANA,JIRÓN,DESPISTE,IMPRUDENCIA DEL CONDUCTOR,1,0,-11.945074,-77.062716
A-2023-01-152,2023-01-25,2023,MIERCOLES,07:30,7,LIMA,SAN ISIDRO,URBANA,AVENIDA,ATROPELLO,IMPRUDENCIA DEL CONDUCTOR,1,0,-12.090693,-77.03348
A-2023-01-153,2023-01-25,2023,MIERCOLES,12:50,12,LIMA,LINCE,URBANA,AVENIDA,ATROPELLO,IMPRUDENCIA DEL CONDUCTOR,1,9,-12.084146,-77.038989
A-2023-01-154,2023-01-25,2023,MIERCOLES,12:50,12,LIMA,VILLA MARIA DEL TRIUNFO,URBANA,AVENIDA,ATROPELLO,IMPRUDENCIA DEL PEATÓN,1,0,-12.220124,-76.907534
A-2023-01-155,2023-01-26,2023,JUEVES,07:30,7,LIMA,PUENTE PIEDRA,URBANA,CARRETERA,ATROPELLO FUGA,EN PROCESO DE INVESTIGACIÓN,1,0,-11.836209,-77.11015
A-2023-01-349,2023-01-26,2023,JUEVES,20:40,20,LIMA,SAN MARTIN DE PORRES,URBANA,AVENIDA,ATROPELLO,IMPRUDENCIA DEL CONDUCTOR,1,0,-11.991131,-77.085012
A-2023-01-161,2023-01-28,2023,SABADO,06:17,6,LIMA,ATE,URBANA,CARRETERA,ATROPELLO,IMPRUDENCIA DEL PEATÓN,1,0,-12.013894,-76.883342
A-2023-01-156,2023-01-28,2023,SABADO,00:40,0,LIMA,CARABAYLLO,RURAL,CARRETERA,ATROPELLO,IMPRUDENCIA DEL PEATÓN,1,0,-11.755908,-76.974774
A-2023-01-159,2023-01-29,2023,DOMINGO,15:30,15,LIMA,COMAS,URBANA,AVENIDA,ATROPELLO,EN PROCESO DE INVESTIGACIÓN,1,0,-11.952932,-77.051338
A-2023-01-158,2023-01-29,2023,DOMINGO,08:24,8,LIMA,LURIN,URBANA,AVENIDA,ATROPELLO FUGA,IMPRUDENCIA DEL CONDUCTOR,1,0,-12.242233,-76.868379
A-2023-01-160,2023-01-30,2023,LUNES,01:10,1,LIMA,VILLA EL SALVADOR,RURAL,CARRETERA,ATROPELLO FUGA,IMPRUDENCIA DEL CONDUCTOR,1,0,-12.231327,-76.965387
A-2023-01-114,2023-01-30,2023,LUNES,20:20,20,CALLAO,CALLAO,URBANA,AVENIDA,CHOQUE,IMPRUDENCIA DEL CONDUCTOR,1,1,-12.044797,-77.138118
A-2023-01-162,2023-01-31,2023,MARTES,02:00,2,LIMA,ATE,URBANA,AVENIDA,CHOQUE,IMPRUDENCIA DEL CONDUCTOR,1,0,-12.006141,-76.829877
A-2023-02-133,2023-02-02,2023,JUEVES,17:20,17,LIMA,VILLA EL SALVADOR,URBANA,AVENIDA,CHOQUE,IMPRUDENCIA DEL CONDUCTOR,1,0,-12.22761,-76.915583
A-2023-02-134,2023-02-07,2023,MARTES,09:30,9,LIMA,PUENTE PIEDRA,URBANA,CARRETERA,CHOQUE,EN PROCESO DE INVESTIGACIÓN,1,0,-11.850768,-77.091932
A-2023-02-135,2023-02-07,2023,MARTES,20:40,20,LIMA,PUENTE PIEDRA,URBANA,CARRETERA,ATROPELLO,IMPRUDENCIA DEL PEATÓN,1,0,-11.835905,-77.110451
A-2023-02-136,2023-02-07,2023,MARTES,20:45,20,LIMA,PUCUSANA,URBANA,CARRETERA,ATROPELLO,IMPRUDENCIA DEL PEATÓN,1,0,-12.458473,-76.753223
A-2023-02-137,2023-02-07,2023,MARTES,21:15,21,LIMA,SANTA ANITA,URBANA,CARRETERA,ATROPELLO,IMPRUDENCIA DEL PEATÓN,1,0,-12.053681,-76.97536
A-2023-02-138,2023-02-08,2023,MIERCOLES,15:10,15,LIMA,VILLA EL SALVADOR,URBANA,AVENIDA,CHOQUE,EN PROCESO DE INVESTIGACIÓN,1,1,-12.193322,-76.966884
A-2023-02-152,2023-02-11,2023,SABADO,11:20,11,LIMA,LOS OLIVOS,URBANA,AVENIDA,ATROPELLO,EN PROCESO DE INVESTIGACIÓN,1,0,-11.978891,-77.076998
A-2023-02-139,2023-02-14,2023,MARTES,13:00,13,LIMA,CHORRILLOS,URBANA,CALLE,DESPISTE,IMPRUDENCIA DEL CONDUCTOR,1,2,-12.197716,-77.024613
A-2023-02-140,2023-02-14,2023,MARTES,23:50,23,LIMA,LURIN,URBANA,CARRETERA,CHOQUE,IMPRUDENCIA DEL CONDUCTOR,1,0,-12.259001,-76.917202
A-2023-02-141,2023-02-15,2023,MIERCOLES,19:00,19,LIMA,LOS OLIVOS,URBANA,AVENIDA,ATROPELLO,IMPRUDENCIA DEL CONDUCTOR,1,0,-11.981531,-77.072247
A-2023-02-142,2023-02-16,2023,JUEVES,11:40,11,LIMA,LIMA,URBANA,JIRÓN,ATROPELLO,IMPRUDENCIA DEL CONDUCTOR,1,2,-12.048456,-77.019675
A-2023-02-143,2023-02-17,2023,VIERNES,06:20,6,LIMA,SAN JUAN DE LURIGANCHO,URBANA,AVENIDA,CHOQUE,IMPRUDENCIA DEL CONDUCTOR,1,0,-12.025518,-76.983894
A-2023-02-144,2023-02-18,2023,SABADO,06:00,6,LIMA,COMAS,URBANA,AVENIDA,CHOQUE,EN PROCESO DE INVESTIGACIÓN,1,0,-11.925803,-77.052086
A-2023-02-145,2023-02-20,2023,LUNES,19:12,19,LIMA,PUEBLO LIBRE,URBANA,AVENIDA,ATROPELLO FUGA,IMPRUDENCIA DEL PEATÓN,1,0,-12.080603,-77.058376
A-2023-02-130,2023-02-20,2023,LUNES,16:05,16,CALLAO,CALLAO,URBANA,CARRETERA,ATROPELLO,IMPRUDENCIA DEL CONDUCTOR,1,0,-12.038101,-77.127056
A-2023-02-153,2023-02-20,2023,LUNES,07:00,7,LIMA,SANTIAGO DE SURCO,URBANA,CARRETERA,ATROPELLO,IMPRUDENCIA DEL PEATÓN,1,0,-12.148067,-76.982726
A-2023-02-149,2023-02-20,2023,LUNES,05:15,5,LIMA,CARABAYLLO,URBANA,AVENIDA,ATROPELLO,EN PROCESO DE INVESTIGACIÓN,1,0,-11.87538,-77.01681
A-2023-02-146,2023-02-22,2023,MIERCOLES,10:50,10,LIMA,SAN BORJA,URBANA,AVENIDA,ATROPELLO,NEGLIGENCIA DEL CONDUCTOR,1,0,-12.084079,-77.004156
A-2023-02-147,2023-02-22,2023,MIERCOLES,21:41,21,LIMA,RIMAC,URBANA,CARRETERA,CHOQUE,IMPRUDENCIA DEL CONDUCTOR,1,0,-12.041256,-77.03301
A-2023-02-120,2023-02-23,2023,JUEVES,06:30,6,CALLAO,MI PERU,URBANA,CARRETERA,CHOQUE,EN PROCESO DE INVESTIGACIÓN,1,0,-11.849315,-77.121527
A-2023-02-148,2023-02-23,2023,JUEVES,15:30,15,LIMA,LA VICTORIA,URBANA,AVENIDA,ATROPELLO FUGA,IMPRUDENCIA DEL PEATÓN,1,0,-12.075017,-77.023209
A-2023-02-150,2023-02-23,2023,JUEVES,19:00,19,LIMA,BARRANCO,URBANA,AVENIDA,DESPISTE,IMPRUDENCIA DEL CONDUCTOR,1,0,-12.134465,-77.020396
A-2023-03-131-A,2023-02-25,2023,SABADO,08:15,8,LIMA,SAN JUAN DE MIRAFLORES,URBANA,CARRETERA,ATROPELLO FUGA,EN PROCESO DE INVESTIGACIÓN,1,0,-12.193135,-76.972682
A-2023-02-151,2023-02-26,2023,DOMINGO,17:15,17,LIMA,RIMAC,URBANA,AVENIDA,CHOQUE,IMPRUDENCIA DEL CONDUCTOR,2,0,-12.030208,-77.029616
A-2023-03-131-B,2023-03-01,2023,MIERCOLES,05:30,5,LIMA,LURIGANCHO,RURAL,CARRETERA,CHOQUE,EN PROCESO DE INVESTIGACIÓN,1,0,-11.998263,-76.9272
A-2023-03-132,2023-03-03,2023,VIERNES,03:40,3,LIMA,CARABAYLLO,URBANA,AVENIDA,DESPISTE,IMPRUDENCIA DEL CONDUCTOR,1,0,-11.871011,-77.01986
A-2023-03-133,2023-03-03,2023,VIERNES,11:30,11,LIMA,LIMA,URBANA,AVENIDA,CAÍDA DE PASAJERO,IMPRUDENCIA DEL PASAJERO/OCUPANTE,1,0,-12.045833,-77.025596
A-2023-03-134,2023-03-04,2023,SABADO,02:20,2,LIMA,PUNTA HERMOSA,RURAL,CARRETERA,ATROPELLO,IMPRUDENCIA DEL PEATÓN,1,0,-12.308394,-76.836607
A-2023-03-135,2023-03-05,2023,DOMINGO,12:00,12,LIMA,CHORRILLOS,URBANA,AVENIDA,CHOQUE,IMPRUDENCIA DEL CONDUCTOR,1,2,-12.195296,-77.001275
A-2023-03-137,2023-03-07,2023,MARTES,05:50,5,LIMA,SAN MARTIN DE PORRES,URBANA,AVENIDA,CHOQUE,EN PROCESO DE INVESTIGACIÓN,1,0,-11.989054,-77.105359
A-2023-03-138,2023-03-08,2023,MIERCOLES,15:00,15,LIMA,LURIN,URBANA,CARRETERA,CHOQUE,IMPRUDENCIA DEL CONDUCTOR,1,0,-12.246463,-76.936133