codigo_siniestro,fecha,anio,dia_semana,hora,hora_num,provincia,distrito,zona,tipo_via,clase_siniestro,causa_principal,cantidad_fallecidos,cantidad_lesionados,latitud,longitud
A-2023-03-139,2023-03-09,2023,JUEVES,13:30,13,LIMA,SAN JUAN DE LURIGANCHO,URBANA,AVENIDA,CHOQUE,IMPRUDENCIA DEL CONDUCTOR,1,1,-12.018034,-77.001983
A-2023-03-140,2023-03-09,2023,JUEVES,14:00,14,LIMA,SAN JUAN DE LURIGANCHO,URBANA,AVENIDA,ATROPELLO FUGA,IMPRUDENCIA DEL PEATÓN,1,0,-12.019206,-76.986857
A-2023-03-179,2023-03-09,2023,JUEVES,11:00,11,LIMA,COMAS,URBANA,AVENIDA,ATROPELLO,IMPRUDENCIA DEL CONDUCTOR,1,0,-11.947733,-77.049658
A-2023-03-141,2023-03-12,2023,DOMINGO,22:30,22,LIMA,CHORRILLOS,URBANA,CARRETERA,ATROPELLO,IMPRUDENCIA DEL PEATÓN,1,0,-12.218937,-76.977076
A-2023-03-142,2023-03-13,2023,LUNES,15:30,15,LIMA,ANCON,URBANA,CARRETERA,CAÍDA DE PASAJERO,EN PROCESO DE INVESTIGACIÓN,1,0,-11.812734,-77.12962
A-2023-03-159,2023-03-13,2023,LUNES,23:00,23,LIMA,LIMA,URBANA,JIRÓN,ATROPELLO FUGA,IMPRUDENCIA DEL PEATÓN,1,0,-12.049457,-77.019568
A-2023-03-143,2023-03-15,2023,MIERCOLES,00:15,0,LIMA,SAN BORJA,URBANA,CARRETERA,CHOQUE,IMPRUDENCIA DEL CONDUCTOR,1,0,-12.104867,-76.979099
A-2023-03-126,2023-03-15,2023,MIERCOLES,20:00,20,CALLAO,VENTANILLA,URBANA,AVENIDA,ATROPELLO,EN PROCESO DE INVESTIGACIÓN,1,2,-11.828212,-77.124006
A-2023-03-144,2023-03-16,2023,JUEVES,22:30,22,LIMA,SAN JUAN DE LURIGANCHO,URBANA,AVENIDA,VOLCADURA,IMPRUDENCIA DEL CONDUCTOR,1,0,-12.029989,-77.020385
A-2023-03-145,2023-03-17,2023,VIERNES,19:20,19,LIMA,COMAS,URBANA,AVENIDA,CHOQUE,EN PROCESO DE INVESTIGACIÓN,1,1,-11.913066,-77.003002
A-2023-03-112,2023-03-17,2023,VIERNES,09:50,9,CALLAO,CALLAO,URBANA,CARRETERA,CHOQUE,IMPRUDENCIA DEL CONDUCTOR,1,0,-12.03567,-77.127532
A-2023-03-146,2023-03-18,2023,SABADO,16:30,16,LIMA,SAN JUAN DE LURIGANCHO,URBANA,AVENIDA,CHOQUE,IMPRUDENCIA DEL CONDUCTOR,1,1,-11.976445,-77.002076
A-2023-03-147,2023-03-19,2023,DOMINGO,05:55,5,LIMA,PUENTE PIEDRA,URBANA,CARRETERA,ATROPELLO FUGA,EN PROCESO DE INVESTIGACIÓN,1,0,-11.872306,-77.069443
A-2023-03-150,2023-03-19,2023,DOMINGO,06:25,6,LIMA,PUENTE PIEDRA,URBANA,CARRETERA,DESPISTE,IMPRUDENCIA DEL CONDUCTOR,1,0,-11.894874,-77.068026
A-2023-03-148,2023-03-19,2023,DOMINGO,06:50,6,LIMA,VILLA EL SALVADOR,URBANA,AVENIDA,ATROPELLO,IMPRUDENCIA DEL PEATÓN,1,0,-12.232153,-76.925505
A-2023-03-149,2023-03-19,2023,DOMINGO,10:15,10,LIMA,SAN BORJA,URBANA,AVENIDA,CHOQUE,NEGLIGENCIA DEL CONDUCTOR,1,0,-12.103769,-77.001345
A-2023-03-151,2023-03-20,2023,LUNES,16:45,16,LIMA,COMAS,URBANA,AVENIDA,CHOQUE,EN PROCESO DE INVESTIGACIÓN,1,1,-11.920433,-77.041833
A-2023-03-152,2023-03-21,2023,MARTES,08:30,8,LIMA,JESUS MARIA,URBANA,AVENIDA,CHOQUE,EN PROCESO DE INVESTIGACIÓN,1,0,-12.073804,-77.046444
A-2023-03-153,2023-03-22,2023,MIERCOLES,19:40,19,LIMA,ATE,URBANA,CARRETERA,CHOQUE,NEGLIGENCIA DEL CONDUCTOR,1,6,-12.000783,-76.839708
A-2023-03-155,2023-03-25,2023,SABADO,16:40,16,LIMA,LIMA,URBANA,AVENIDA,ATROPELLO,IMPRUDENCIA DEL PEATÓN,1,0,-12.035537,-77.065346
A-2023-03-154,2023-03-25,2023,SABADO,01:45,1,LIMA,CHACLACAYO,URBANA,CARRETERA,CHOQUE FUGA,IMPRUDENCIA DEL CONDUCTOR,1,0,-11.987369,-76.813531
A-2023-03-156,2023-03-28,2023,MARTES,16:00,16,LIMA,COMAS,URBANA,CARRETERA,ATROPELLO,IMPRUDENCIA DEL PEATÓN,1,0,-11.927893,-77.07262
A-2023-03-157,2023-03-28,2023,MARTES,07:10,7,LIMA,CARABAYLLO,RURAL,CARRETERA,CHOQUE,IMPRUDENCIA DEL CONDUCTOR,1,6,-11.789697,-76.982849
A-2023-03-158,2023-03-31,2023,VIERNES,12:30,12,LIMA,SAN BORJA,URBANA,CARRETERA,CHOQUE,IMPRUDENCIA DEL CONDUCTOR,1,0,-12.109276,-76.978491
A-2023-04-140,2023-04-01,2023,SABADO,20:50,20,LIMA,SURQUILLO,URBANA,AVENIDA,ATROPELLO FUGA,EN PROCESO DE INVESTIGACIÓN,1,1,-12.113599,-76.994755
A-2023-04-139,2023-04-01,2023,SABADO,22:20,22,LIMA,LURIN,URBANA,CARRETERA,ATROPELLO,IMPRUDENCIA DEL PEATÓN,1,0,-12.285617,-76.874719
A-2023-04-142,2023-04-02,2023,DOMINGO,04:00,4,LIMA,PUNTA HERMOSA,URBANA,CARRETERA,ATROPELLO FUGA,EN PROCESO DE INVESTIGACIÓN,1,0,-12.316674,-76.83106
A-2023-04-145,2023-04-02,2023,DOMINGO,07:30,7,LIMA,LURIGANCHO,RURAL,CARRETERA,CHOQUE FUGA,IMPRUDENCIA DEL CONDUCTOR,1,0,-12.021318,-76.930528
A-2023-04-141,2023-04-02,2023,DOMINGO,11:45,11,LIMA,COMAS,URBANA,AVENIDA,ATROPELLO,EN PROCESO DE INVESTIGACIÓN,1,0,-11.957287,-77.052895
A-2023-04-147,2023-04-03,2023,LUNES,06:50,6,LIMA,MAGDALENA DEL MAR,URBANA,OTRO,CHOQUE,IMPRUDENCIA DEL CONDUCTOR,1,0,-12.09769,-77.072985
A-2023-04-21,2023-04-05,2023,MIERCOLES,19:40,19,CALLAO,CALLAO,URBANA,AVENIDA,CHOQUE,IMPRUDENCIA DEL CONDUCTOR,1,0,-12.049502,-77.111637
A-2023-04-144,2023-04-06,2023,JUEVES,18:00,18,LIMA,SAN MARTIN DE PORRES,URBANA,AVENIDA,ATROPELLO FUGA,EN PROCESO DE INVESTIGACIÓN,1,0,-11.981888,-77.093323
A-2023-04-143,2023-04-07,2023,VIERNES,02:30,2,LIMA,LURIN,RURAL,CARRETERA,ATROPELLO FUGA,IMPRUDENCIA DEL PEATÓN,1,0,-12.30289,-76.842663
A-2023-04-151,2023-04-07,2023,VIERNES,04:50,4,LIMA,EL AGUSTINO,URBANA,CARRETERA,DESPISTE,IMPRUDENCIA DEL CONDUCTOR,1,1,-12.029958,-76.994321
A-2023-04-152,2023-04-08,2023,SABADO,06:50,6,LIMA,ANCON,URBANA,CARRETERA,ATROPELLO,IMPRUDENCIA DEL CONDUCTOR,1,0,-11.758847,-77.153686
A-2023-04-153,2023-04-08,2023,SABADO,10:40,10,LIMA,CHORRILLOS,URBANA,CARRETERA,ATROPELLO,IMPRUDENCIA DEL PEATÓN,1,0,-12.214472,-76.976484
A-2023-04-154,2023-04-08,2023,SABADO,23:00,23,LIMA,SANTIAGO DE SURCO,URBANA,AVENIDA,DESPISTE,IMPRUDENCIA DEL CONDUCTOR,1,0,-12.147634,-76.986575
A-2023-04-113,2023-04-09,2023,DOMINGO,06:00,6,CALLAO,CALLAO,URBANA,AUTOPISTA,CHOQUE,IMPRUDENCIA DEL CONDUCTOR,1,0,-12.015037,-77.09395
A-2023-04-155,2023-04-09,2023,DOMINGO,17:20,17,LIMA,ATE,URBANA,CARRETERA,ATROPELLO,EN PROCESO DE INVESTIGACIÓN,1,0,-12.013018,-76.880777
A-2023-04-8,2023-04-10,2023,LUNES,10:30,10,CALLAO,MI PERU,URBANA,CARRETERA,ATROPELLO,IMPRUDENCIA DEL CONDUCTOR,1,0,-11.842214,-77.11551
A-2023-04-124,2023-04-11,2023,MARTES,09:00,9,CALLAO,CALLAO,URBANA,AVENIDA,ATROPELLO,EN PROCESO DE INVESTIGACIÓN,1,1,-12.016515,-77.105585
A-2023-04-156,2023-04-11,2023,MARTES,18:15,18,LIMA,VILLA EL SALVADOR,URBANA,AVENIDA,CHOQUE,IMPRUDENCIA DEL CONDUCTOR,1,0,-12.196609,-76.933958
A-2023-04-171,2023-04-12,2023,MIERCOLES,00:00,0,LIMA,LIMA,URBANA,AVENIDA,ATROPELLO,IMPRUDENCIA DEL CONDUCTOR,1,0,-12.056666,-77.014752
A-2023-04-170,2023-04-12,2023,MIERCOLES,13:00,13,LIMA,PACHACAMAC,URBANA,CALLE,DESPISTE,IMPRUDENCIA DEL CONDUCTOR,1,0,-12.104074,-76.875154
A-2023-04-185,2023-04-12,2023,MIERCOLES,13:00,13,LIMA,PACHACAMAC,URBANA,CALLE,VOLCADURA,IMPRUDENCIA DEL CONDUCTOR,1,0,-12.104079,-76.875143
A-2023-04-157,2023-04-14,2023,VIERNES,23:30,23,LIMA,SAN JUAN DE MIRAFLORES,URBANA,AVENIDA,ATROPELLO,IMPRUDENCIA DEL CONDUCTOR,1,0,-12.187673,-76.958698
A-2023-04-150,2023-04-16,2023,DOMINGO,04:40,4,LIMA,LA VICTORIA,URBANA,AVENIDA,ATROPELLO,EN PROCESO DE INVESTIGACIÓN,1,0,-12.06694,-76.998495
A-2023-04-149,2023-04-22,2023,SABADO,03:30,3,LIMA,LIMA,URBANA,AVENIDA,ATROPELLO FUGA,EN PROCESO DE INVESTIGACIÓN,1,0,-12.059205,-77.013558
A-2023-04-148,2023-04-22,2023,SABADO,09:40,9,LIMA,ATE,URBANA,AVENIDA,ATROPELLO FUGA,IMPRUDENCIA DEL CONDUCTOR,1,0,-12.015991,-76.890605
A-2023-04-146,2023-04-23,2023,DOMINGO,12:20,12,LIMA,SAN JUAN DE LURIGANCHO,URBANA,AVENIDA,ATROPELLO,IMPRUDENCIA DEL CONDUCTOR,1,0,-12.014321,-77.001727
A-2023-04-138,2023-04-23,2023,DOMINGO,14:10,14,LIMA,VILLA MARIA DEL TRIUNFO,URBANA,AVENIDA,ATROPELLO,IMPRUDENCIA DEL CONDUCTOR,1,0,-12.170912,-76.946248
A-2023-04-136,2023-04-24,2023,LUNES,04:30,4,LIMA,ATE,URBANA,CARRETERA,CHOQUE,IMPRUDENCIA DEL CONDUCTOR,1,0,-12.008281,-76.860416
A-2023-04-137,2023-04-24,2023,LUNES,09:30,9,LIMA,SAN MARTIN DE PORRES,URBANA,AVENIDA,DESPISTE,IMPRUDENCIA DEL CONDUCTOR,1,0,-12.030359,-77.060536
A-2023-04-135,2023-04-24,2023,LUNES,13:20,13,LIMA,SANTA ANITA,URBANA,AVENIDA,ATROPELLO,IMPRUDENCIA DEL CONDUCTOR,1,0,-12.053446,-76.965253
A-2023-04-133,2023-04-24,2023,LUNES,16:30,16,LIMA,PUNTA HERMOSA,RURAL,AVENIDA,CAÍDA DE PASAJERO,IMPRUDENCIA DEL CONDUCTOR,1,0,-12.303466,-76.780648
A-2023-04-134,2023-04-25,2023,MARTES,15:20,15,LIMA,ATE,RURAL,AVENIDA,CHOQUE,IMPRUDENCIA DEL CONDUCTOR,1,0,-12.020831,-76.811399
A-2023-04-132,2023-04-27,2023,JUEVES,10:31,10,LIMA,LA MOLINA,URBANA,CARRETERA,ATROPELLO FUGA,EN PROCESO DE INVESTIGACIÓN,1,0,-12.075539,-76.974923
A-2023-04-131,2023-04-27,2023,JUEVES,06:23,6,LIMA,LURIGANCHO,URBANA,AVENIDA,ATROPELLO FUGA,EN PROCESO DE INVESTIGACIÓN,1,0,-12.007771,-76.920436
A-2023-04-129,2023-04-27,2023,JUEVES,18:50,18,LIMA,SAN JUAN DE LURIGANCHO,URBANA,AVENIDA,ATROPELLO,IMPRUDENCIA DEL CONDUCTOR,1,0,-12.002688,-76.999031
A-2023-04-121,2023-04-28,2023,VIERNES,09:10,9,LIMA,BARRANCO,URBANA,AVENIDA,ATROPELLO,IMPRUDENCIA DEL CONDUCTOR,1,0,-12.15349,-77.019626
A-2023-04-122,2023-04-29,2023,SABADO,16:15,16,LIMA,MIRAFLORES,URBANA,AVENIDA,DESPISTE,EN PROCESO DE INVESTIGACIÓN,1,0,-12.108733,-77.026689
A-2023-04-127,2023-04-29,2023,SABADO,13:45,13,LIMA,CARABAYLLO,URBANA,AVENIDA,CHOQUE,EN PROCESO DE INVESTIGACIÓN,2,0,-11.873538,-77.015612
A-2023-04-128,2023-04-29,2023,SABADO,13:00,13,LIMA,VILLA EL SALVADOR,RURAL,CARRETERA,VOLCADURA,EN PROCESO DE INVESTIGACIÓN,1,0,-12.242372,-76.944312
A-2023-04-126,2023-04-30,2023,DOMINGO,05:00,5,LIMA,CARABAYLLO,URBANA,AVENIDA,ATROPELLO,EN PROCESO DE INVESTIGACIÓN,1,0,-11.898647,-77.03846
A-2023-04-125,2023-04-30,2023,DOMINGO,11:30,11,LIMA,VILLA EL SALVADOR,URBANA,AVENIDA,CHOQUE,IMPRUDENCIA DEL CONDUCTOR,1,9,-12.226382,-76.935456
A-2023-04-123,2023-04-30,2023,DOMINGO,15:30,15,LIMA,EL AGUSTINO,URBANA,CARRETERA,DESPISTE,NEGLIGENCIA DEL CONDUCTOR,2,1,-12.030709,-76.983637
A-2023-05-140,2023-05-03,2023,MIERCOLES,10:30,10,LIMA,SAN JUAN DE LURIGANCHO,URBANA,JIRÓN,ATROPELLO,IMPRUDENCIA DEL CONDUCTOR,1,0,-11.963119,-76.983195
A-2023-05-174,2023-05-06,2023,SABADO,15:40,15,LIMA,SANTIAGO DE SURCO,URBANA,CARRETERA,CHOQUE,IMPRUDENCIA DEL CONDUCTOR,1,0,-12.14375,-76.981703
A-2023-05-138,2023-05-06,2023,SABADO,22:40,22,LIMA,INDEPENDENCIA,URBANA,AVENIDA,ATROPELLO,EN PROCESO DE INVESTIGACIÓN,1,0,-12.002167,-77.054999
A-2023-05-139,2023-05-06,2023,SABADO,09:23,9,LIMA,SAN JUAN DE LURIGANCHO,URBANA,AVENIDA,ATROPELLO,EN PROCESO DE INVESTIGACIÓN,1,0,-11.967824,-77.0039
A-2023-05-155,2023-05-06,2023,SABADO,15:40,15,LIMA,SANTIAGO DE SURCO,RURAL,CARRETERA,CHOQUE,IMPRUDENCIA DEL CONDUCTOR,1,0,-12.143686,-76.981723
A-2023-05-137,2023-05-07,2023,DOMINGO,00:40,0,LIMA,LOS OLIVOS,URBANA,AVENIDA,CHOQUE,EN PROCESO DE INVESTIGACIÓN,1,0,-11.980232,-77.072205
A-2023-05-136,2023-05-08,2023,LUNES,05:00,5,LIMA,SAN BORJA,URBANA,CARRETERA,CHOQUE,EN PROCESO DE INVESTIGACIÓN,1,24,-12.094176,-76.980606
A-2023-05-135,2023-05-10,2023,MIERCOLES,13:50,13,LIMA,VILLA EL SALVADOR,RURAL,CARRETERA,ATROPELLO FUGA,EN PROCESO DE INVESTIGACIÓN,1,0,-12.240542,-76.947702
A-2023-05-134,2023-05-11,2023,JUEVES,12:30,12,LIMA,LURIGANCHO,URBANA,AVENIDA,CHOQUE,IMPRUDENCIA DEL CONDUCTOR,1,0,-11.998582,-76.92669
A-2023-05-133,2023-05-11,2023,JUEVES,18:50,18,LIMA,VILLA MARIA DEL TRIUNFO,URBANA,JIRÓN,DESPISTE,EN PROCESO DE INVESTIGACIÓN,1,0,-12.184059,-76.939141
A-2023-05-132,2023-05-12,2023,VIERNES,21:00,21,LIMA,LURIN,RURAL,CARRETERA,ATROPELLO,IMPRUDENCIA DEL PEATÓN,1,0,-12.281627,-76.880799
A-2023-05-131,2023-05-13,2023,SABADO,10:30,10,LIMA,RIMAC,URBANA,JIRÓN,ATROPELLO,EN PROCESO DE INVESTIGACIÓN,1,1,-12.037794,-77.026981
A-2023-05-128,2023-05-14,2023,DOMINGO,23:20,23,LIMA,PACHACAMAC,URBANA,AVENIDA,ATROPELLO FUGA,EN PROCESO DE INVESTIGACIÓN,1,0,-12.112637,-76.87396
A-2023-05-10,2023-05-14,2023,DOMINGO,23:20,23,LIMA,PACHACAMAC,URBANA,AVENIDA,ATROPELLO FUGA,EN PROCESO DE INVESTIGACIÓN,1,0,-12.112766,-76.873714
A-2023-05-130,2023-05-14,2023,DOMINGO,07:00,7,LIMA,SAN MARTIN DE PORRES,URBANA,AVENIDA,ATROPELLO,EN PROCESO DE INVESTIGACIÓN,1,0,-12.021036,-77.08656
A-2023-05-129,2023-05-14,2023,DOMINGO,16:40,16,LIMA,LURIN,URBANA,CARRETERA,ATROPELLO,IMPRUDENCIA DEL PEATÓN,1,0,-12.302955,-76.84265
A-2023-05-122,2023-05-19,2023,VIERNES,06:00,6,LIMA,ATE,URBANA,CARRETERA,ATROPELLO FUGA,EN PROCESO DE INVESTIGACIÓN,1,0,-12.008269,-76.860337
A-2023-05-127,2023-05-20,2023,SABADO,19:20,19,LIMA,LURIGANCHO,URBANA,CARRETERA,VOLCADURA,IMPRUDENCIA DEL CONDUCTOR,1,0,-12.021007,-76.924511
A-2023-05-126,2023-05-20,2023,SABADO,23:40,23,LIMA,LURIN,RURAL,CARRETERA,ATROPELLO,IMPRUDENCIA DEL PEATÓN,1,0,-12.245601,-76.937863
A-2023-05-125,2023-05-21,2023,DOMINGO,06:30,6,LIMA,LURIN,RURAL,CARRETERA,DESPISTE,IMPRUDENCIA DEL CONDUCTOR,1,0,-12.272526,-76.895531
A-2023-05-124,2023-05-21,2023,DOMINGO,23:30,23,LIMA,SAN JUAN DE MIRAFLORES,URBANA,CARRETERA,ATROPELLO,EN PROCESO DE INVESTIGACIÓN,1,0,-12.146893,-76.982133
A-2023-05-123,2023-05-22,2023,LUNES,20:20,20,LIMA,PUENTE PIEDRA,URBANA,CARRETERA,CHOQUE,IMPRUDENCIA DEL CONDUCTOR,1,0,-11.899354,-77.067782
A-2023-05-154,2023-05-24,2023,MIERCOLES,17:00,17,LIMA,CHORRILLOS,URBANA,AVENIDA,ATROPELLO,IMPRUDENCIA DEL PEATÓN,1,0,-12.190228,-77.006271
A-2023-05-173,2023-05-24,2023,MIERCOLES,17:00,17,LIMA,CHORRILLOS,URBANA,AVENIDA,ATROPELLO,IMPRUDENCIA DEL PEATÓN,1,0,-12.19024,-77.006379
A-2023-05-121,2023-05-24,2023,MIERCOLES,14:00,14,LIMA,SAN JUAN DE MIRAFLORES,URBANA,CARRETERA,CHOQUE,IMPRUDENCIA DEL CONDUCTOR,1,2,-12.17345,-76.97825
A-2023-05-107,2023-05-26,2023,VIERNES,08:10,8,CALLAO,VENTANILLA,URBANA,CARRETERA,DESPISTE,EN PROCESO DE INVESTIGACIÓN,1,2,-11.920192,-77.129354
A-2023-05-120,2023-05-26,2023,VIERNES,20:50,20,LIMA,PUEBLO LIBRE,URBANA,AVENIDA,CHOQUE,EN PROCESO DE INVESTIGACIÓN,1,0,-12.084783,-77.064486
A-2023-05-119,2023-05-26,2023,VIERNES,21:00,21,LIMA,VILLA EL SALVADOR,URBANA,CARRETERA,CHOQUE,IMPRUDENCIA DEL CONDUCTOR,1,0,-12.229045,-76.968166
A-2023-05-113,2023-05-27,2023,SABADO,20:00,20,LIMA,LIMA,URBANA,AVENIDA,ATROPELLO,IMPRUDENCIA DEL CONDUCTOR,1,0,-12.058755,-77.013991
A-2023-05-114,2023-05-27,2023,SABADO,20:10,20,LIMA,PUENTE PIEDRA,URBANA,CARRETERA,ATROPELLO,IMPRUDENCIA DEL PEATÓN,1,0,-11.841271,-77.10372
A-2023-05-112,2023-05-28,2023,DOMINGO,05:30,5,LIMA,SAN MARTIN DE PORRES,URBANA,CARRETERA,CHOQUE CON OBJETO FIJO,EN PROCESO DE INVESTIGACIÓN,1,1,-12.035202,-77.049005
A-2023-05-116,2023-05-29,2023,LUNES,16:00,16,LIMA,LURIGANCHO,URBANA,AVENIDA,ATROPELLO,IMPRUDENCIA DEL CONDUCTOR,1,0,-11.97624,-76.895071
A-2023-05-115,2023-05-29,2023,LUNES,17:30,17,LIMA,PUEBLO LIBRE,URBANA,AVENIDA,ATROPELLO,IMPRUDENCIA DEL PEATÓN,1,0,-12.07878,-77.05688
A-2023-05-117,2023-05-30,2023,MARTES,07:30,7,LIMA,PUENTE PIEDRA,URBANA,CALLE,CAÍDA DE PASAJERO,EN PROCESO DE INVESTIGACIÓN,1,0,-11.826237,-77.112416
A-2023-05-118,2023-05-31,2023,MIERCOLES,19:00,19,LIMA,VILLA EL SALVADOR,URBANA,AVENIDA,ATROPELLO,IMPRUDENCIA DEL CONDUCTOR,1,0,-12.224051,-76.919824
A-2023-06-114,2023-06-01,2023,JUEVES,23:00,23,LIMA,SAN MIGUEL,URBANA,OTRO,DESPISTE,IMPRUDENCIA DEL CONDUCTOR,1,1,-12.081534,-77.106801
A-2023-06-115,2023-06-01,2023,JUEVES,23:50,23,LIMA,VILLA EL SALVADOR,URBANA,AVENIDA,CHOQUE,IMPRUDENCIA DEL CONDUCTOR,1,1,-12.239764,-76.912314
A-2023-06-116,2023-06-03,2023,SABADO,18:45,18,LIMA,LIMA,RURAL,AVENIDA,ATROPELLO,EN PROCESO DE INVESTIGACIÓN,1,0,-12.055195,-77.030261
A-2023-06-117,2023-06-03,2023,SABADO,19:20,19,LIMA,PUCUSANA,URBANA,AVENIDA,ATROPELLO,EN PROCESO DE INVESTIGACIÓN,1,0,-12.492415,-76.787542
A-2023-06-118,2023-06-04,2023,DOMINGO,07:20,7,LIMA,VILLA EL SALVADOR,RURAL,CARRETERA,ATROPELLO FUGA,EN PROCESO DE INVESTIGACIÓN,1,0,-12.235937,-76.956483
A-2023-06-119,2023-06-04,2023,DOMINGO,07:45,7,LIMA,SANTIAGO DE SURCO,URBANA,CARRETERA,ATROPELLO FUGA,EN PROCESO DE INVESTIGACIÓN,1,0,-12.136873,-76.980469
A-2023-06-120,2023-06-04,2023,DOMINGO,22:30,22,LIMA,ANCON,RURAL,CARRETERA,CHOQUE,EN PROCESO DE INVESTIGACIÓN,1,0,-11.79253,-77.146759
A-2023-06-122,2023-06-06,2023,MARTES,20:50,20,LIMA,SURQUILLO,URBANA,CALLE,ATROPELLO,IMPRUDENCIA DEL PEATÓN,1,1,-12.109711,-77.011654
A-2023-06-121,2023-06-06,2023,MARTES,09:40,9,LIMA,SAN JUAN DE LURIGANCHO,URBANA,AVENIDA,CAÍDA DE PASAJERO,IMPRUDENCIA DEL CONDUCTOR,1,0,-11.976992,-77.003059
A-2023-06-123,2023-06-07,2023,MIERCOLES,03:40,3,LIMA,SANTIAGO DE SURCO,URBANA,CARRETERA,CHOQUE,IMPRUDENCIA DEL CONDUCTOR,2,1,-12.118225,-76.977132
A-2023-06-124,2023-06-07,2023,MIERCOLES,10:45,10,LIMA,CHORRILLOS,URBANA,AVENIDA,ATROPELLO,NEGLIGENCIA DEL CONDUCTOR,1,0,-12.181346,-77.012327
A-2023-06-125,2023-06-08,2023,JUEVES,05:00,5,LIMA,SAN MARTIN DE PORRES,URBANA,AVENIDA,DESPISTE,EN PROCESO DE INVESTIGACIÓN,1,0,-12.016621,-77.077946
A-2023-06-126,2023-06-08,2023,JUEVES,08:30,8,LIMA,MIRAFLORES,URBANA,AVENIDA,ATROPELLO,IMPRUDENCIA DEL CONDUCTOR,1,0,-12.129914,-77.023709
A-2023-06-86,2023-06-08,2023,JUEVES,18:30,18,CALLAO,CALLAO,URBANA,CARRETERA,ATROPELLO,IMPRUDENCIA DEL PEATÓN,1,0,-12.044616,-77.126587
A-2023-06-127,2023-06-09,2023,VIERNES,16:50,16,LIMA,JESUS MARIA,URBANA,AVENIDA,CHOQUE,EN PROCESO DE INVESTIGACIÓN,2,0,-12.074223,-77.052937
A-2023-06-131,2023-06-10,2023,SABADO,20:40,20,LIMA,ATE,URBANA,CARRETERA,ATROPELLO FUGA,EN PROCESO DE INVESTIGACIÓN,1,0,-12.009093,-76.864798
A-2023-06-129,2023-06-10,2023,SABADO,23:30,23,LIMA,ANCON,RURAL,CARRETERA,ATROPELLO,IMPRUDENCIA DEL PEATÓN,1,0,-11.806201,-77.134166
A-2023-06-128,2023-06-10,2023,SABADO,07:10,7,LIMA,SAN BORJA,URBANA,AVENIDA,CHOQUE,EN PROCESO DE INVESTIGACIÓN,1,1,-12.087255,-76.996145
A-2023-06-132,2023-06-11,2023,DOMINGO,05:20,5,LIMA,SURQUILLO,URBANA,AVENIDA,VOLCADURA,EN PROCESO DE INVESTIGACIÓN,1,0,-12.109287,-77.025994
A-2023-06-84,2023-06-11,2023,DOMINGO,10:00,10,CALLAO,CALLAO,URBANA,AVENIDA,CHOQUE,IMPRUDENCIA DEL CONDUCTOR,1,0,-12.014298,-77.104826
A-2023-06-133,2023-06-12,2023,LUNES,00:30,0,LIMA,CHACLACAYO,URBANA,CARRETERA,ATROPELLO,IMPRUDENCIA DEL PEATÓN,1,0,-11.982035,-76.797168
A-2023-06-135,2023-06-12,2023,LUNES,06:30,6,LIMA,LIMA,URBANA,AVENIDA,CAÍDA DE PASAJERO,EN PROCESO DE INVESTIGACIÓN,1,0,-12.044265,-77.042792